"TNFA_NFKB","JAK_STAT","TGF_BETA","ECM_EMT","FA_METAB","GLYCOLYSIS","sample","cluster","pseudotime"
3.1574322378481,3.59004061191055,-0.180578797112098,-0.512169499116395,0.248669610955047,0.812276207021868,"NS.1402.003.NEBNext_dual_i7_177---NEBNext_dual_i5_177.2066_R1.bam","1",3
-0.110072236577289,0.335419527063485,0.414175363159411,0.56868134524787,-0.63464666116726,0.0223750247795383,"NS.1402.003.NEBNext_dual_i7_178---NEBNext_dual_i5_178.3005_R1.bam","0",1
-0.284093781543106,-0.383435529901357,-0.0506978089107149,-0.394799727177033,0.917723308722649,-0.235351911113821,"NS.1402.003.NEBNext_dual_i7_179---NEBNext_dual_i5_179.3007_R1.bam","3",2
3.18820083151737,2.62441406174009,0.199132805341902,0.0949356924076958,0.408803671320729,0.822913391828084,"NS.1402.003.NEBNext_dual_i7_180---NEBNext_dual_i5_180.3016_R1.bam","1",3
0.391967276556603,0.339286945914294,-0.319329915733364,-0.084666921545092,1.42768636030137,-0.946920397326926,"NS.1402.003.NEBNext_dual_i7_181---NEBNext_dual_i5_181.3019_R1.bam","3",2
0.641739603711041,0.854162213296202,0.243510259750655,-0.182872237045404,-0.793584577378675,0.866430142603912,"NS.1402.003.NEBNext_dual_i7_182---NEBNext_dual_i5_182.3021_R1.bam","0",1
-0.18424985693419,0.40043147834172,0.456680293934993,-0.340007657757657,1.14640757624561,-0.394183645788645,"NS.1402.003.NEBNext_dual_i7_183---NEBNext_dual_i5_183.3027_R1.bam","3",2
-0.227284648111041,-0.0565613115340878,-0.306989202298724,-0.303713193456947,-0.631823948593391,0.754418866386503,"NS.1402.003.NEBNext_dual_i7_184---NEBNext_dual_i5_184.3031_R1.bam","0",1
2.81458660819085,3.1989739831963,1.55419188502755,4.52678165624764,-0.504805452343443,-0.368145832634449,"NS.1402.003.NEBNext_dual_i7_185---NEBNext_dual_i5_185.3034_R1.bam","2",4
-0.640185316230582,-0.460739186603426,-0.258666959673865,-0.301758255011649,-0.165055321211337,0.258693929269533,"NS.1402.003.NEBNext_dual_i7_186---NEBNext_dual_i5_186.3037-1_R1.bam","0",1
0.869953383926414,0.387544845217536,-0.760584318504836,-0.954455148544237,0.596896055401947,-0.806272828939878,"NS.1402.003.NEBNext_dual_i7_187---NEBNext_dual_i5_187.3053_R1.bam","3",2
-0.473716985038751,-0.560167422735313,0.409934064238316,0.461548615401446,-0.23971994330953,-0.164562945715899,"NS.1402.003.NEBNext_dual_i7_188---NEBNext_dual_i5_188.3055_R1.bam","2",4
-0.215598589462139,-0.0451001638117132,0.106701311538463,-0.216085076193854,-0.237341966761607,0.779771309386556,"NS.1402.003.NEBNext_dual_i7_189---NEBNext_dual_i5_189.3061_R1.bam","0",1
2.07155676747027,1.6095152554345,-0.992448658429558,-0.573915169981934,-1.33263004920774,-0.681477709888041,"NS.1402.003.NEBNext_dual_i7_190---NEBNext_dual_i5_190.3070-2_R1.bam","1",3
-0.0413577851952353,0.196766892905457,-0.971302394306357,-1.11901839751515,-0.455642108583454,-0.681309816806963,"NS.1402.003.NEBNext_dual_i7_191---NEBNext_dual_i5_191.4026_R1.bam","0",1
1.77014196001323,1.750272633892,-0.15947574305877,-0.370180819280569,-0.767325599508736,0.968644964933455,"NS.1402.003.NEBNext_dual_i7_192---NEBNext_dual_i5_192.4070-2_R1.bam","1",3
0.301043481094598,-0.173680086638714,0.0707513885132581,-0.0823577848440885,0.375326785348541,-1.23644579496754,"NS.1402.003.NEBNext_dual_i7_197---NEBNext_dual_i5_245.5100_R1.bam","3",2
-0.765052647197328,-0.0697989124502169,0.493216594561959,-0.430018714766387,0.675398819257831,-0.0206840217020275,"NS.1402.003.NEBNext_dual_i7_198---NEBNext_dual_i5_246.5101_R1.bam","3",2
-0.00904316379199793,-0.076642292096936,0.108194544849381,-0.322224861884728,0.088341196737165,-0.632575312851613,"NS.1402.003.NEBNext_dual_i7_199---NEBNext_dual_i5_247.5128_R1.bam","3",2
0.122274214009575,-0.00297869729078964,-0.157374811913103,-0.701485337699444,0.748358909749899,-1.26126880951572,"NS.1402.003.NEBNext_dual_i7_200---NEBNext_dual_i5_248.5134_R1.bam","3",2
-0.379210847576024,-0.127219759710461,0.481178283041696,-0.65023934012317,-0.0395388362258045,0.668653006320239,"NS.1402.003.NEBNext_dual_i7_201---NEBNext_dual_i5_249.5135_R1.bam","3",2
0.455386191376914,0.893622636936895,0.95523575498427,1.08340060520056,-0.119040448990763,0.284932881384913,"NS.1402.003.NEBNext_dual_i7_202---NEBNext_dual_i5_250.5137_R1.bam","3",2
-0.529872610543497,-0.355269898479791,-0.416439453070397,-0.43569798118197,1.24343929186572,-0.748823985165886,"NS.1402.003.NEBNext_dual_i7_203---NEBNext_dual_i5_251.5159_R1.bam","3",2
-0.49151686640584,-0.161373138439019,-0.371139215220157,0.0605911343194156,-0.600997248305076,0.669399568376577,"NS.1402.003.NEBNext_dual_i7_204---NEBNext_dual_i5_252.5162_R1.bam","0",1
-0.0407237345480014,-0.16934061760747,-0.126256372743997,-0.462593902147483,1.1996294017175,-0.815450897403477,"NS.1402.003.NEBNext_dual_i7_205---NEBNext_dual_i5_253.5210_R1.bam","3",2
-0.841682877045787,-0.759297729678403,-0.519864086892318,-0.700184047568861,-0.544186246391479,0.88788988810636,"NS.1402.003.NEBNext_dual_i7_206---NEBNext_dual_i5_254.5211_R1.bam","0",1
-0.281673891722699,-0.36180539950978,-0.00660979333321517,-0.129902893988926,0.0343134072661021,0.512459719349933,"NS.1402.003.NEBNext_dual_i7_207---NEBNext_dual_i5_255.5223_R1.bam","0",1
0.314506076163717,0.423763713038401,-0.392828295046422,-0.530401470785385,0.928045482952782,-0.0505830363188073,"NS.1402.003.NEBNext_dual_i7_208---NEBNext_dual_i5_256.6003_R1.bam","3",2
-0.216164757631452,-0.281925714416171,0.414671515926763,0.5132031238024,1.14780657945854,0.545868955685278,"NS.1402.003.NEBNext_dual_i7_209---NEBNext_dual_i5_257.6142_R1.bam","3",2
-0.623426672779589,0.0165553672369831,-0.0433547132487076,0.718222364589028,0.11767421494668,0.686052532579829,"NS.1402.003.NEBNext_dual_i7_210---NEBNext_dual_i5_258.6143_R1.bam","0",1
0.103751603419635,-0.00365506252106883,-0.440795277235847,-0.636318863853995,-0.799717173589871,0.233377468439888,"NS.1402.003.NEBNext_dual_i7_211---NEBNext_dual_i5_259.6144_R1.bam","0",1
0.443682606381761,-0.0988145745067817,-0.389185622239376,-0.751657248579198,-0.476228021879994,0.339186451160205,"NS.1402.003.NEBNext_dual_i7_212---NEBNext_dual_i5_260.6156_R1.bam","0",1
-0.046975530197901,-0.419555868063919,0.650728324761515,1.43442882346812,0.628195268364276,-0.471132034523776,"NS.1402.003.NEBNext_dual_i7_213---NEBNext_dual_i5_261.6159_R1.bam","2",4
-0.100246972269605,0.282545373117703,-0.488760388327637,-0.275383809159056,0.805592422504998,0.0671082776513262,"NS.1402.003.NEBNext_dual_i7_214---NEBNext_dual_i5_262.6164_R1.bam","3",2
-0.177657872985136,-0.130739229201739,0.441271175759676,0.314661686413848,-0.155908868940518,0.775271265904205,"NS.1402.003.NEBNext_dual_i7_215---NEBNext_dual_i5_263.6170_R1.bam","3",2
-0.413420325308752,-0.552510536553384,1.09722380534345,2.30974333111798,-1.1029976108023,0.507194001750673,"NS.1402.003.NEBNext_dual_i7_216---NEBNext_dual_i5_264.6175_R1.bam","2",4
-0.379122573096515,-0.043702848041903,-0.748220791244446,-0.742167437560629,-1.11179053923363,0.294373425814344,"NS.1402.003.NEBNext_dual_i7_217---NEBNext_dual_i5_265.6181_R1.bam","1",3
-0.646585442314287,-0.575650123619246,-0.117341426426339,-0.371320195669811,0.989087562529641,-0.218328446225678,"NS.1402.003.NEBNext_dual_i7_218---NEBNext_dual_i5_266.6185_R1.bam","3",2
-0.464951779367688,-0.392725325422364,0.444823711068936,0.794543460008994,-0.340484067597853,0.273675799857214,"NS.1402.003.NEBNext_dual_i7_219---NEBNext_dual_i5_267.6189_R1.bam","2",4
1.09112571399683,0.122618701843429,-0.659825884067322,-0.831749074396674,0.0944389893654455,-1.11406620044305,"NS.1402.003.NEBNext_dual_i7_285---NEBNext_dual_i5_237.4093_R1.bam","1",3
-0.408736719472926,-0.0111594011431073,0.881285535992067,-0.236786367482193,-0.363445452776504,0.49149768751177,"NS.1402.003.NEBNext_dual_i7_286---NEBNext_dual_i5_238.4095_R1.bam","0",1
-0.0263095902209092,-0.0189193463944651,-0.682024179008374,-0.713443510730163,0.118818584764012,-0.199534432932188,"NS.1402.003.NEBNext_dual_i7_287---NEBNext_dual_i5_239.4219_R1.bam","3",2
-0.278772503233555,-0.298522825258181,0.757183420273231,2.73041801335647,-0.31861228007369,0.69805225589668,"NS.1402.003.NEBNext_dual_i7_288---NEBNext_dual_i5_240.4260_R1.bam","2",4
0.744459673989503,-0.625009125876768,-1.23278215128283,-0.947730294145812,-0.611708630777919,-0.55121526803698,"NS.1402.003.NEBNext_dual_i7_289---NEBNext_dual_i5_241.4264_R1.bam","1",3
-0.467587430162266,-1.10047453237474,-1.01963631864031,-0.142779708859882,0.27654811869438,-2.61169512575563,"NS.1402.003.NEBNext_dual_i7_290---NEBNext_dual_i5_242.5010_R1.bam","1",3
-0.352427278816261,-0.125616217696778,-0.0182935049314028,-0.257483879742826,-0.0165288982943157,0.206364987670648,"NS.1402.003.NEBNext_dual_i7_291---NEBNext_dual_i5_243.5055-1_R1.bam","0",1
-0.102371132592204,-0.198476775144532,-0.276607490635483,-0.453462719232195,-0.270547429075834,0.175623096014494,"NS.1402.003.NEBNext_dual_i7_292---NEBNext_dual_i5_244.5069_R1.bam","0",1
0.154904286519339,-0.178014753954222,0.835010528716645,1.16672714646414,-0.904196835435847,-0.669988619856745,"NS.1402.004.NEBNext_dual_i7_220---NEBNext_dual_i5_268.6196_R1.bam","2",4
-0.360414164336936,-0.317766176733101,0.746207384487504,0.495671612838218,-0.0408976212143468,0.00100088243803306,"NS.1402.004.NEBNext_dual_i7_221---NEBNext_dual_i5_269.6199_R1.bam","2",4
-0.421100456846899,-0.196659328222509,0.6779377939584,1.62536280311557,-0.937185041914294,0.881781367493472,"NS.1402.004.NEBNext_dual_i7_222---NEBNext_dual_i5_270.6213_R1.bam","2",4
0.00944843720774536,0.106019095331526,-0.345905589423492,-0.702490182885561,0.404078266324856,-1.47768255354157,"NS.1402.004.NEBNext_dual_i7_223---NEBNext_dual_i5_271.6215_R1.bam","1",3
-1.12532986135992,-0.750210350255743,-0.380540900588981,0.331244463544563,-1.02810662364245,0.107786269271736,"NS.1402.004.NEBNext_dual_i7_224---NEBNext_dual_i5_272.7037_R1.bam","1",3
-0.235845808112011,-0.567267545840502,-0.252452201089937,-0.632749674991333,-0.219607156144592,0.463441299888146,"NS.1402.004.NEBNext_dual_i7_225---NEBNext_dual_i5_273.7050_R1.bam","0",1
-0.40145163132801,-0.763432756003169,-0.441626373919698,-0.197047974928444,-1.32166082097253,0.0369167019527551,"NS.1402.004.NEBNext_dual_i7_226---NEBNext_dual_i5_274.7056_R1.bam","0",1
-0.00759874978694008,0.134550226571586,-0.353010437475303,-0.0436561493758611,-0.00965685173167545,0.211703052863939,"NS.1402.004.NEBNext_dual_i7_227---NEBNext_dual_i5_275.7077_R1.bam","0",1
-0.524480784021473,-0.888073052363622,-0.0576470835978051,-0.534501215871204,0.453831286795821,-0.779049456558639,"NS.1402.004.NEBNext_dual_i7_228---NEBNext_dual_i5_276.7100_R1.bam","3",2
-0.416060277352087,-0.133146974775624,1.03375850369231,3.09615231881964,0.750323850209627,-0.395369838100178,"NS.1402.004.NEBNext_dual_i7_229---NEBNext_dual_i5_277.7131_R1.bam","2",4
-0.445948907975932,-0.802709567200919,-0.96560679274576,-0.831089951710412,-1.04435738810083,-1.42949347780244,"NS.1402.004.NEBNext_dual_i7_230---NEBNext_dual_i5_278.7147_R1.bam","1",3
-0.808388220571798,-0.576704845752315,0.436263773678825,1.56076973963646,-0.273799526108104,-0.300941410249914,"NS.1402.004.NEBNext_dual_i7_231---NEBNext_dual_i5_279.7156_R1.bam","2",4
-0.203072576305854,-0.578126712743541,-0.190202162674741,-0.799861896732795,-0.161314910737414,0.0101304915547494,"NS.1402.004.NEBNext_dual_i7_232---NEBNext_dual_i5_280.7180_R1.bam","3",2
-0.381677890846916,-0.314539055989302,0.312407983489606,1.30641526608557,-0.159132828041727,-0.944469379348455,"NS.1402.004.NEBNext_dual_i7_233---NEBNext_dual_i5_281.7181_R1.bam","2",4
-0.0379844620007731,-0.242024119675156,-0.142743932134508,-0.656612553736138,-0.0195795201870242,0.339453068422234,"NS.1402.004.NEBNext_dual_i7_234---NEBNext_dual_i5_282.7183_R1.bam","0",1
-0.402249169964631,-0.190019772885821,-0.783569871531462,-1.09388489221978,-0.409805205346324,0.656667776297932,"NS.1402.004.NEBNext_dual_i7_235---NEBNext_dual_i5_283.7227_R1.bam","0",1
-0.402091150839102,-0.700197549100199,-1.03468885910302,-0.127206063575916,-0.657350665488373,-0.713504018282369,"NS.1402.004.NEBNext_dual_i7_236---NEBNext_dual_i5_284.7238_R1.bam","1",3
-0.452673163401349,-0.100442795913324,0.301990345423852,-0.909421448746259,0.409158634551986,-0.0894395362356753,"NS.1402.004.NEBNext_dual_i7_237---NEBNext_dual_i5_285.7245_R1.bam","3",2
-0.77157333448023,-0.66248483295486,-0.0235292759980669,0.676176247875279,-0.217479875930421,0.166823083620298,"NS.1402.004.NEBNext_dual_i7_238---NEBNext_dual_i5_286.7254_R1.bam","3",2
-0.241897979255557,-0.25992167389845,0.375041950823137,-0.362329265381465,-0.406533535286518,1.00582471781397,"NS.1402.004.NEBNext_dual_i7_239---NEBNext_dual_i5_287.7257_R1.bam","0",1
-0.734845380486859,-0.237157821523586,0.180920673291488,0.162965145754865,-0.421990413273513,1.03811906442014,"NS.1402.004.NEBNext_dual_i7_240---NEBNext_dual_i5_288.7308_R1.bam","0",1
0.311853702808468,-0.155163529877138,0.434348734824545,-0.945096830220889,0.345042789831763,0.685019278479201,"NS.1402.004.NEBNext_dual_i7_241---NEBNext_dual_i5_289.7338_R1.bam","0",1
0.553699125452615,-0.240241477593871,-0.536859124421142,-0.332653504183748,-0.549212852336371,0.0200695843605386,"NS.1402.004.NEBNext_dual_i7_242---NEBNext_dual_i5_290.7343_R1.bam","1",3
-0.349008311508413,0.217046377644763,-0.0427456815147677,-0.0824317714017436,1.31830639851245,-0.0849391934004537,"NS.1402.004.NEBNext_dual_i7_243---NEBNext_dual_i5_291.7353_R1.bam","3",2
0.127222388684658,0.150799626625349,-0.107638384319825,-0.706599654092465,-1.23636408023465,1.01392603927382,"NS.1402.004.NEBNext_dual_i7_244---NEBNext_dual_i5_292.7359_R1.bam","0",1
-0.505134098823241,-0.0138021945657297,-0.110641476460191,-0.572050740005632,0.17172178964754,0.275806541597182,"NS.1402.004.NEBNext_dual_i7_245---NEBNext_dual_i5_197.7362_R1.bam","0",1
-0.644086120204322,-0.464883947529108,0.690918054326727,-0.0100442752286041,-0.146556229814837,0.392898973379088,"NS.1402.004.NEBNext_dual_i7_246---NEBNext_dual_i5_198.7364_R1.bam","0",1
-0.0697744304810268,0.319227539844853,0.0434825071329377,-0.465296187364468,-0.161717734381448,0.725024429978388,"NS.1402.004.NEBNext_dual_i7_247---NEBNext_dual_i5_199.7411_R1.bam","0",1
1.77955540234523,1.04408825045489,-0.236316810453151,-0.502289839289206,0.498648433931933,-0.157221063239712,"NS.1402.004.NEBNext_dual_i7_248---NEBNext_dual_i5_200.7455_R1.bam","1",3
-0.0428968339534758,-0.0698349897771639,0.991085395878262,0.93006972317249,1.71735033859763,-0.223400656585372,"NS.1402.004.NEBNext_dual_i7_249---NEBNext_dual_i5_201.7486_R1.bam","3",2
-0.293648006658966,-0.0559942452359823,-0.927769579678279,-0.648905459882571,0.037421648392109,-0.456382546999487,"NS.1402.004.NEBNext_dual_i7_250---NEBNext_dual_i5_202.7495_R1.bam","1",3
-0.483367186516453,-0.52891729064016,0.111254660641206,0.110884666356026,0.366738234822616,-0.0460018635531137,"NS.1402.004.NEBNext_dual_i7_251---NEBNext_dual_i5_203.Bio1_R1.bam","0",1
-0.129454288227912,-0.020356479850778,0.368495979119204,0.495103909927387,1.42249538337601,-0.227748956710203,"NS.1402.004.NEBNext_dual_i7_B11---NEBNext_dual_i5_B11.5129_R1.bam","3",2
-0.320608266427669,-0.444301480377878,0.541873962964911,-0.302777203615914,0.675712361750443,-0.105512020640928,"NS.1402.004.NEBNext_dual_i7_C11---NEBNext_dual_i5_C11.6147_R1.bam","3",2
0.173874144311671,0.388298957840713,0.853376051770326,-0.211503180876745,0.748547997550242,1.18004180602981,"NS.1402.004.NEBNext_dual_i7_D11---NEBNext_dual_i5_D11.7117_R1.bam","0",1
0.10959319220738,-0.071176701261484,-0.502602048860779,-0.238135575934553,-0.252044336405803,-0.0191839564476614,"NS.1402.004.NEBNext_dual_i7_E11---NEBNext_dual_i5_E11.7288_R1.bam","1",3
-0.269204978756232,-0.221524640181336,0.429045837239443,0.498964144108835,-0.323721599016172,-0.484582533209612,"NS.1402.004.NEBNext_dual_i7_G11---NEBNext_dual_i5_G11.1014_R1.bam","2",4
