"gene","module"
"XIST","Early"
"KDM5D","Early"
"UTY","Early"
"USP9Y","Early"
"IGFN1","Early"
"TTTY14","Early"
"RPS4Y1","Early"
"MYH1","Early"
"ZFY","Early"
"ACTN3","Early"
"GSTM1","Early"
"SCD","Early"
"MT-ND6","Early"
"DDN","Early"
"EIF1AY","Early"
"ACTC1","Early"
"ADIPOQ","Early"
"HMGCS2","Early"
"MYLK4","Early"
"HBA2","Early"
"HBB","Early"
"METTL21C","Early"
"AJ009632.2","Early"
"PLIN1","Early"
"SBK2","Early"
"ANKRD2","Early"
"CALML6","Early"
"GDNF","Early"
"PFKFB3","Early"
"NMRK2","Early"
"ATRNL1","Early"
"AC010889.1","Early"
"GGT7","Early"
"RYR3","Early"
"CCDC144A","Early"
"G0S2","Early"
"SLC16A7","Early"
"AC011297.1","Early"
"SIM1","Early"
"LRRC3B","Early"
"IL32","Early"
"LBP","Early"
"ANKRD33B","Early"
"MYOZ2","Early"
"MYL6B","Early"
"AC113167.1","Early"
"ARL17B","Early"
"AC099754.1","Early"
"IRX3","Early"
"MYHAS","Early"
"SLPI","Early"
"MFAP3L","Early"
"PPDPFL","Early"
"SLC19A3","Early"
"LRP1B","Early"
"AC099066.2","Early"
"PAX8-AS1","Early"
"LINC01405","Early"
"TMEM70","Early"
"AQP4","Early"
"FMOD","Early"
"BX640514.1","Early"
"CFAP61","Early"
"ARRDC2","Early"
"MYL3","Early"
"LGR5","Early"
"ARG2","Early"
"SLC38A1","Early"
"CYP26B1","Early"
"FABP4","Early"
"AC011379.1","Early"
"AC126544.2","Early"
"CACNB2","Early"
"C1orf158","Early"
"H19","Early"
"OSBPL3","Early"
"MYH6","Early"
"LIPE","Early"
"MYBPC2","Early"
"NREP","Early"
"LINC00632","Early"
"MYLK2","Early"
"PLA2G2A","Early"
"AC079467.1","Early"
"SLC22A3","Early"
"ARFGEF3","Early"
"TECRL","Early"
"TRARG1","Early"
"FAM106A","Early"
"AC090403.1","Early"
"SMTNL1","Early"
"MAOA","Early"
"SLC16A3","Early"
"TBL1Y","Early"
"ACOT11","Early"
"DAAM2","Early"
"LPL","Early"
"SNAI3","Early"
"PLIN5","Early"
"AC024610.2","Early"
"CKB","Early"
"DIRC3-AS1","Early"
"GADD45G","Early"
"MYH7B","Early"
"MYLK3","Early"
"PDE3B","Early"
"C12orf75","Early"
"DDIT4L","Early"
"LINC01634","Early"
"LDHA","Early"
"DKK2","Early"
"XPO4","Early"
"MYL2","Early"
"LINC01854","Early"
"DDIT4","Early"
"MYH7","Early"
"STRIT1","Early"
"UCHL1","Early"
"B3GALT1","Early"
"WDR62","Early"
"PRODH","Early"
"ABLIM1","Early"
"PSTPIP2","Early"
"FNDC5","Early"
"SHISA2","Early"
"SLC38A4","Early"
"P2RY1","Early"
"RBP4","Early"
"GDA","Early"
"SH2D1B","Early"
"XIRP2","Early"
"KLHL34","Early"
"LINC02119","Early"
"LINC01091","Early"
"ASB14","Early"
"PFKFB2","Early"
"AC015878.1","Early"
"FAM166B","Early"
"FLRT3","Early"
"KCNB1","Early"
"FEZ2","Early"
"PRKAR2B","Early"
"LOXL4","Early"
"NCAM1","Early"
"ATP2A1","Early"
"TPPP3","Early"
"ADH1B","Early"
"FABP3","Early"
"TRPV3","Early"
"LINC00278","Early"
"SPOCK1","Early"
"ENO3","Early"
"GATD3A","Early"
"BDNF","Early"
"PRKAG3","Early"
"VGLL2","Early"
"ADAMTSL4","Early"
"RHOXF1-AS1","Early"
"RPS28","Early"
"FOXO1","Early"
"CLDN1","Early"
"MYOC","Early"
"SMCO1","Early"
"PTPN3","Early"
"B4GALNT3","Early"
"PAIP2B","Early"
"MLF1","Early"
"NANOS1","Early"
"IL17D","Early"
"PGAM2","Early"
"CA14","Early"
"TNNT1","Early"
"UCP3","Early"
"MSS51","Early"
"MINAR1","Early"
"PCK1","Early"
"LGI1","Early"
"ATP2B2","Early"
"MYL12A","Early"
"NES","Early"
"AC005165.1","Early"
"U2AF1L5","Early"
"TNNC1","Early"
"KLHL38","Early"
"FHL3","Early"
"PTGER3","Early"
"IDI2","Early"
"RASL10B","Early"
"MIR646HG","Early"
"TPM3","Early"
"LINC00702","Early"
"BICD1","Early"
"GPD1","Early"
"TBC1D1","Early"
"MLXIPL","Early"
"TNNI1","Early"
"ATP2A2","Early"
"AC138932.4","Early"
"KERA","Early"
"CKMT2","Early"
"DNAH2","Early"
"CMBL","Early"
"AP000350.6","Early"
"FBP2","Early"
"HES1","Early"
"PKM","Early"
"AL157396.1","Early"
"AC113133.1","Early"
"NOS1","Early"
"AKR1C2","Early"
"COLQ","Early"
"IFRD1","Early"
"CRYM","Early"
"E2F8","Early"
"KCNIP2","Early"
"TYRP1","Early"
"SLC25A25","Early"
"DDX11","Early"
"CHAC1","Early"
"ESRRG","Early"
"MYH2","Early"
"PEBP4","Early"
"HBA1","Early"
"APOB","Early"
"SLC2A1","Early"
"MYL1","Early"
"SLC38A3","Early"
"LEP","Early"
"LRRC38","Early"
"NUPR1","Early"
"ACTA1","Early"
"UGT3A1","Early"
"RNF122","Early"
"LMOD1","Early"
"C6","Early"
"BCL6","Early"
"ASB15","Early"
"DEPP1","Early"
"AQP7","Early"
"MEG8","Early"
"MIR133A1HG","Early"
"DDAH1","Early"
"AGBL1","Early"
"PPP1R3C","Early"
"SLC25A34","Early"
"THNSL2","Early"
"AL137246.2","Early"
"CYP1A1","Early"
"CIDEA","Early"
"AC123912.4","Early"
"PLN","Early"
"GAPDH","Early"
"SERPINA5","Early"
"SHISA4","Early"
"MYLPF","Early"
"SLC25A30","Early"
"DHRS7C","Early"
"ZNF556","Early"
"HHIP","Early"
"MEST","Early"
"APOD","Early"
"PHKA1","Early"
"ADARB2","Early"
"CASQ2","Early"
"AC104574.2","Early"
"ERAP2","Early"
"C4orf50","Early"
"PPP1R1B","Early"
"S100A1","Early"
"HSPA2","Early"
"TBX1","Early"
"LINC02421","Early"
"USP6","Early"
"MAP3K7CL","Early"
"OPRD1","Early"
"PLCH1","Early"
"LIMK1","Early"
"PYGM","Early"
"AC011498.4","Early"
"C4orf54","Early"
"ENC1","Early"
"RSPO3","Early"
"AL133444.1","Early"
"AC010280.1","Early"
"PERM1","Early"
"NDRG4","Early"
"SH3RF2","Early"
"CYP4B1","Early"
"AC073349.1","Early"
"LAD1","Early"
"EIF4EBP1","Early"
"CCDC141","Early"
"COL4A3","Early"
"SOX9","Early"
"FAM181A-AS1","Early"
"KY","Early"
"MB","Early"
"DUSP10","Early"
"LRRC14B","Early"
"PKDCC","Early"
"FAM106C","Early"
"NPNT","Early"
"SREBF1","Early"
"CPM","Early"
"AOC3","Early"
"ZNF273","Early"
"RHOD","Early"
"FYB2","Early"
"SCN3B","Early"
"ART3","Early"
"XRRA1","Early"
"MYORG","Early"
"AGMAT","Early"
"MAFB","Early"
"GPT2","Early"
"PCOLCE2","Early"
"FRK","Early"
"CASQ1","Early"
"KCNQ4","Early"
"RCAN2","Early"
"PGM1","Early"
"TMEM52","Early"
"LYVE1","Early"
"DUSP8","Early"
"ALX4","Early"
"ADSS1","Early"
"RGS9BP","Early"
"HYAL4","Early"
"ALPK3","Early"
"DLK1","Early"
"METTL7A","Early"
"AC007563.3","Early"
"CDH20","Early"
"GPX3","Early"
"CKM","Early"
"RELT","Early"
"ITGB6","Early"
"COL21A1","Early"
"TSC22D3","Early"
"SFRP5","Early"
"SLC26A9","Early"
"ALAS2","Early"
"TP53INP2","Early"
"BDH1","Early"
"PPARGC1A","Early"
"LINC01921","Early"
"CD36","Early"
"ASB18","Early"
"PPP1R1C","Early"
"CCDC69","Early"
"MUC2","Early"
"OXCT1","Early"
"LMO3","Early"
"IRX6","Early"
"TNNT3","Early"
"ASB9","Early"
"CCR3","Early"
"TPM1","Early"
"PLXNA4","Early"
"GALNT15","Early"
"SMTNL2","Early"
"RETREG1","Early"
"TSPAN5","Early"
"AC018618.1","Early"
"AL022322.2","Early"
"MKI67","Early"
"PPP1R3B","Early"
"AC087854.1","Early"
"COL28A1","Early"
"ASB2","Early"
"PDLIM3","Early"
"PDLIM7","Early"
"CCL21","Early"
"MAP2K6","Early"
"SESN1","Early"
"MIR1-1HG","Early"
"CHST15","Early"
"NTRK2","Early"
"CITED2","Early"
"RXRG","Early"
"C1orf115","Early"
"UNC13A","Early"
"PPP1R3A","Early"
"CHRDL2","Early"
"GOT1","Early"
"DNAH17","Early"
"ADGRG7","Early"
"AL161772.1","Early"
"CHMP1B","Early"
"MEG3","Early"
"TOGARAM2","Early"
"DUSP4","Early"
"NEK10","Early"
"FHL2","Early"
"TRIM7","Early"
"FBXO32","Early"
"TRIM58","Early"
"RHOBTB1","Early"
"ACVR1C","Early"
"TBC1D3L","Early"
"CD38","Early"
"AC020687.1","Early"
"PARP15","Early"
"WIPF3","Early"
"TNNC2","Early"
"APLNR","Early"
"LEPR","Early"
"SLC30A2","Early"
"PHTF2","Early"
"SOD2","Early"
"ASB11","Early"
"PDE4C","Early"
"HSPB6","Early"
"RNF150","Early"
"TNNI2","Early"
"TNNT2","Early"
"PLIN4","Early"
"PMP22","Early"
"KLHL29","Early"
"PKD2L2","Early"
"ASS1","Early"
"AC103810.5","Early"
"NPSR1-AS1","Early"
"MPP6","Early"
"UBE2D1","Early"
"NUP210L","Early"
"ANGPTL7","Early"
"ACTN2","Early"
"IRX2","Early"
"GABRE","Early"
"DIRAS1","Early"
"AC036108.3","Early"
"AGL","Early"
"PFKFB1","Early"
"CA3","Early"
"TMEM233","Early"
"PROM1","Early"
"MPV17L","Early"
"TDRD9","Early"
"AC007557.1","Early"
"APOBEC2","Early"
"ENOSF1","Early"
"CRHR2","Early"
"MUC6","Early"
"KIAA0930","Early"
"AC022706.1","Early"
"SCN2B","Early"
"GATM","Early"
"MYOM3","Early"
"DGKB","Early"
"ACSS1","Early"
"MATN2","Early"
"TPI1","Early"
"AC093151.7","Early"
"ABCC6","Early"
"TIAM2","Early"
"GREM1","Early"
"SCUBE2","Early"
"AC008474.1","Early"
"AL355596.1","Early"
"SNCA","Early"
"SCN4B","Early"
"STEAP2","Early"
"PAK1","Early"
"WNK2","Early"
"SLC4A1","Early"
"ZNF385B","Early"
"RNF157","Early"
"NEURL1","Early"
"FRAS1","Early"
"PROX1","Early"
"ABCG1","Early"
"AL031121.2","Early"
"RPL3L","Early"
"SLC36A2","Early"
"CHCHD10","Early"
"AC092153.1","Early"
"RNF207","Early"
"GALNT17","Early"
"COQ10A","Early"
"PHLDA3","Early"
"CAPN8","Early"
"TFRC","Early"
"NPHP1","Early"
"ATP1B4","Early"
"KCNJ2","Early"
"AVIL","Early"
"ALDH6A1","Early"
"CCDC136","Early"
"MUC20-OT1","Early"
"NKAIN1","Early"
"FHOD3","Early"
"CYP2J2","Early"
"MYOM2","Early"
"ABCC8","Early"
"FBXO40","Early"
"IGFBP5","Early"
"TMEM132C","Early"
"KCNJ12","Early"
"KBTBD11","Early"
"MBNL1-AS1","Early"
"ADAMTS19","Early"
"KLF2","Early"
"KCNT1","Early"
"CASTOR2","Early"
"SLC1A2","Early"
"SPX","Early"
"GOT2","Early"
"BHMT2","Early"
"MT-ATP8","Early"
"KANSL1-AS1","Early"
"ST3GAL6","Early"
"AC106875.1","Early"
"PLAGL2","Early"
"NRAP","Early"
"NOMO3","Early"
"GLYAT","Early"
"FOSB","Mid"
"TTTY10","Mid"
"XACT","Mid"
"CCL2","Mid"
"AC119673.2","Mid"
"SLC44A5","Mid"
"THBS4","Mid"
"PRKY","Mid"
"CHRNG","Mid"
"ADGRV1","Mid"
"NPR3","Mid"
"MYH8","Mid"
"COL19A1","Mid"
"ABRA","Mid"
"CR381670.2","Mid"
"HELLPAR","Mid"
"CCDC26","Mid"
"POSTN","Mid"
"MUC19","Mid"
"RUNX1","Mid"
"LUCAT1","Mid"
"CIDEC","Mid"
"CCN1","Mid"
"CHRNA1","Mid"
"CDH16","Mid"
"NLGN4Y","Mid"
"AL117329.1","Mid"
"ENAH","Mid"
"MLLT11","Mid"
"CHRND","Mid"
"DNAH11","Mid"
"FAM230C","Mid"
"LRP2","Mid"
"SMAD9","Mid"
"LINC02055","Mid"
"CHI3L1","Mid"
"GYG2","Mid"
"DUSP2","Mid"
"AC010889.2","Mid"
"CARNS1","Mid"
"COL22A1","Mid"
"LINC01348","Mid"
"AC003681.1","Mid"
"UNC80","Mid"
"GADD45A","Mid"
"ARRDC4","Mid"
"MYT1L","Mid"
"AC020909.2","Mid"
"LINC00511","Mid"
"CHAD","Mid"
"DNAH8","Mid"
"LINC01206","Mid"
"ABCA13","Mid"
"GRIN2B","Mid"
"TSIX","Mid"
"IL6R-AS1","Mid"
"PTPRF","Mid"
"DRAIC","Mid"
"SCN1A","Mid"
"COL12A1","Mid"
"SPP1","Mid"
"UNC13C","Mid"
"FASN","Mid"
"PDE11A","Mid"
"EXTL1","Mid"
"CASC19","Mid"
"CNTNAP2","Mid"
"AC010198.2","Mid"
"MMP9","Mid"
"DGAT2","Mid"
"LINC01524","Mid"
"DNAH9","Mid"
"AC073225.1","Mid"
"PAX3","Mid"
"SCN2A","Mid"
"PCDH15","Mid"
"AC006148.1","Mid"
"PKHD1","Mid"
"RP1","Mid"
"LINC01122","Mid"
"PI16","Mid"
"SPTA1","Mid"
"MUC16","Mid"
"LINC02188","Mid"
"C5orf64","Mid"
"PWRN1","Mid"
"LINC01630","Mid"
"GREM2","Mid"
"MSTN","Mid"
"AP001993.1","Mid"
"DNAH5","Mid"
"HYDIN","Mid"
"CACNA1E","Mid"
"OSBPL7","Mid"
"LAMA1","Mid"
"AC099489.1","Mid"
"USH2A","Mid"
"ADAMTS9","Mid"
"CSMD1","Mid"
"RYR2","Mid"
"AC006254.1","Mid"
"LINC00320","Mid"
"FBN2","Mid"
"TPRG1","Mid"
"MGST1","Mid"
"CPB2-AS1","Mid"
"SAMMSON","Mid"
"SLC1A4","Mid"
"TLCD3B","Mid"
"LINC00499","Mid"
"CSMD3","Mid"
"CSMD2","Mid"
"GABRG2","Mid"
"DCC","Mid"
"KIF5C","Mid"
"GAS6-AS1","Mid"
"AL589740.1","Mid"
"MIR3976HG","Mid"
"TNMD","Mid"
"DCDC1","Mid"
"NRXN1","Mid"
"LYZ","Mid"
"DNAH10","Mid"
"AL031595.2","Mid"
"ST18","Mid"
"DNAH14","Mid"
"TNR","Mid"
"DNAH7","Mid"
"WDR87","Mid"
"TEX41","Mid"
"LINC00534","Mid"
"PAX6","Mid"
"CFTR","Mid"
"NRG1","Mid"
"AC007952.4","Mid"
"DNAH6","Mid"
"MGAT4C","Mid"
"SILC1","Mid"
"LINC00299","Mid"
"COL25A1","Mid"
"AC007614.1","Mid"
"SLC12A1","Mid"
"ASB5","Mid"
"COL6A5","Mid"
"NYAP2","Mid"
"LAPTM5","Mid"
"EYS","Mid"
"HSD52","Mid"
"ABCA12","Mid"
"EDA2R","Mid"
"CCDC168","Mid"
"CAPN6","Mid"
"ACSM2B","Mid"
"CTXND1","Mid"
"AL133166.1","Mid"
"DGKI","Mid"
"TTC9","Mid"
"LINC02822","Mid"
"CLU","Mid"
"CADPS","Mid"
"ERICH3","Mid"
"MED12L","Mid"
"TRPM3","Mid"
"SLCO1A2","Mid"
"HULC","Mid"
"LINC00343","Mid"
"SLC8A1-AS1","Mid"
"AC068631.1","Mid"
"KLB","Mid"
"PCA3","Mid"
"LINC01435","Mid"
"DLX6-AS1","Mid"
"CDKN2B-AS1","Mid"
"NEXN-AS1","Mid"
"AKAP12","Mid"
"SESN3","Mid"
"AC100803.4","Mid"
"GPAM","Mid"
"PKHD1L1","Mid"
"PVT1","Mid"
"GCNT2","Mid"
"OPRM1","Mid"
"LINC01837","Mid"
"LINC02532","Mid"
"SNTG1","Mid"
"CACNB4","Mid"
"MIR924HG","Mid"
"MYOD1","Mid"
"TRHDE-AS1","Mid"
"LINC02552","Mid"
"COL6A6","Mid"
"LINC01320","Mid"
"LNC-LBCS","Mid"
"LINC00635","Mid"
"AL138889.1","Mid"
"CHIT1","Mid"
"AL136171.2","Mid"
"DNAH3","Mid"
"STAB2","Mid"
"PVALB","Mid"
"RIMS2","Mid"
"LINC01322","Mid"
"PCLO","Mid"
"SLC4A10","Mid"
"LINC01606","Mid"
"TRPM1","Mid"
"FSIP2","Mid"
"COL24A1","Mid"
"DPYSL3","Mid"
"LERFS","Mid"
"KIAA1671","Mid"
"LINC02223","Mid"
"BCL11A","Mid"
"COL17A1","Mid"
"SYT16","Mid"
"SCN1A-AS1","Mid"
"MIR4500HG","Mid"
"ROS1","Mid"
"ST8SIA2","Mid"
"POU6F2","Mid"
"TTC6","Mid"
"ADGRF1","Mid"
"ERC2","Mid"
"AC008691.1","Mid"
"SLC4A8","Mid"
"STXBP5L","Mid"
"LINC01811","Mid"
"KCNH5","Mid"
"ATP8A2","Mid"
"AC109466.1","Mid"
"IL12A-AS1","Mid"
"ABCB5","Mid"
"TMEM132B","Mid"
"ELAVL4","Mid"
"ITIH4","Mid"
"GALNTL6","Mid"
"LINC01568","Mid"
"FAM135B","Mid"
"MIR4435-2HG","Mid"
"CNTN5","Mid"
"C2orf16","Mid"
"CACNA1D","Mid"
"CFAP47","Mid"
"HMGA2","Mid"
"KCNJ6","Mid"
"LINC01192","Mid"
"KRT80","Mid"
"COL9A1","Mid"
"PTPRT","Mid"
"DNAH12","Mid"
"MROH2B","Mid"
"AC124290.1","Mid"
"MIR7515HG","Mid"
"ADAMTS20","Mid"
"AP003900.1","Mid"
"ATP13A5","Mid"
"MUSK","Mid"
"GRIA4","Mid"
"RIMS1","Mid"
"LINC01036","Mid"
"ANKFN1","Mid"
"MCTP2","Mid"
"DBNDD1","Mid"
"DELEC1","Mid"
"LINC00461","Mid"
"LOXHD1","Mid"
"ACSM2A","Mid"
"PYCR1","Mid"
"ERBB3","Mid"
"DPP10","Mid"
"CLSPN","Mid"
"FHAD1","Mid"
"ARMC4","Mid"
"RGSL1","Mid"
"OTOG","Mid"
"ATP10B","Mid"
"GABRA1","Mid"
"CACNA1A","Mid"
"AL157944.1","Mid"
"SCN5A","Mid"
"CEBPA","Mid"
"ACOXL","Mid"
"MYH15","Mid"
"TF","Mid"
"TFPI2","Mid"
"CDH7","Mid"
"PEX5L","Mid"
"LINC01828","Mid"
"DSCAM","Mid"
"LINC02263","Mid"
"CFAP54","Mid"
"ADGB","Mid"
"LINC01934","Mid"
"AL359764.2","Mid"
"LY86-AS1","Mid"
"KSR2","Mid"
"CENPF","Mid"
"ABCB11","Mid"
"NELL1","Mid"
"HEPHL1","Mid"
"AC246817.2","Mid"
"OR4K2","Mid"
"MAP3K19","Mid"
"FRMPD2","Mid"
"SULT1C2","Mid"
"UTS2R","Mid"
"CNGB1","Mid"
"GRID2","Mid"
"TRPM8","Mid"
"LINC01877","Mid"
"AC021613.1","Mid"
"SP140","Mid"
"LINC00971","Mid"
"LINC00279","Mid"
"AL354809.1","Mid"
"TMC1","Mid"
"AC117453.1","Mid"
"GABRG3","Mid"
"LINC01229","Mid"
"SLC7A14","Mid"
"AL138828.1","Mid"
"GRIN2A","Mid"
"AC113414.1","Mid"
"ITPRID1","Mid"
"LINC01847","Mid"
"AP001042.1","Mid"
"LINC01608","Mid"
"LINC02882","Mid"
"LINC02217","Mid"
"FCRL5","Mid"
"SCN10A","Mid"
"LAMA4","Mid"
"LINC00943","Mid"
"NRXN3","Mid"
"AC097512.1","Mid"
"CHRM3","Mid"
"CIT","Mid"
"MIR4432HG","Mid"
"AC087564.1","Mid"
"ZNF91","Mid"
"MEGF11","Mid"
"MGAM2","Mid"
"FST","Mid"
"GRM8","Mid"
"LINC02241","Mid"
"ARHGAP36","Mid"
"FAM184B","Mid"
"LINC01287","Mid"
"CXADR","Mid"
"WDR72","Mid"
"LINC01721","Mid"
"LINC00598","Mid"
"VWDE","Mid"
"AC018697.1","Mid"
"AL139220.2","Mid"
"LINC01255","Mid"
"BASP1-AS1","Mid"
"RELN","Mid"
"LINC02840","Mid"
"IGF2BP3","Mid"
"LINC00923","Mid"
"SLC5A12","Mid"
"RAB3B","Mid"
"MIR3681HG","Mid"
"NRCAM","Mid"
"SYT14","Mid"
"AC015574.1","Mid"
"TENM2","Mid"
"LINC01151","Mid"
"CENPE","Mid"
"AL135878.1","Mid"
"CASR","Mid"
"KIF6","Mid"
"ZPLD1","Mid"
"UNC5D","Mid"
"LINC01748","Mid"
"AC080132.1","Mid"
"ONECUT2","Mid"
"LINC01517","Mid"
"ARRDC3","Mid"
"AL137139.2","Mid"
"GRIA1","Mid"
"LINC00907","Mid"
"MYO3B","Mid"
"NKAIN3","Mid"
"GABRA4","Mid"
"FMN1","Mid"
"OR2M3","Mid"
"TG","Mid"
"CCDC3","Mid"
"LAMB4","Mid"
"TMC3-AS1","Mid"
"LINC02436","Mid"
"AC097521.1","Mid"
"MYO5B","Mid"
"LINC02607","Mid"
"HSD17B2","Mid"
"RNF17","Mid"
"CFAP20DC","Mid"
"SHROOM3","Mid"
"CNGB3","Mid"
"AL158064.1","Mid"
"ANKRD30A","Mid"
"RPH3A","Mid"
"VEPH1","Mid"
"SI","Mid"
"LINC02208","Mid"
"LINC01572","Mid"
"AL392086.3","Mid"
"SCN8A","Mid"
"MIR9-1HG","Mid"
"FER1L6","Mid"
"CNTNAP5","Mid"
"CTSS","Mid"
"AXDND1","Mid"
"STARD4-AS1","Mid"
"AC097467.3","Mid"
"ABCC11","Mid"
"PTPRQ","Mid"
"PAH","Mid"
"PTPRO","Mid"
"GLRA3","Mid"
"AC093866.1","Mid"
"SNAP25-AS1","Mid"
"LINC02359","Mid"
"SLC30A10","Mid"
"ANKRD34C-AS1","Mid"
"LINC00470","Mid"
"LINC02240","Mid"
"B4GALNT2","Mid"
"ANKRD30B","Mid"
"GRM7","Mid"
"CYBB","Mid"
"ASTL","Mid"
"RXFP1","Mid"
"LIPG","Mid"
"HLA-DQB1","Mid"
"SPAG17","Mid"
"LINC01102","Mid"
"AC005906.2","Mid"
"RFX4","Mid"
"NALCN","Mid"
"GABRA2","Mid"
"TSBP1","Mid"
"TEX15","Mid"
"CTNNA2","Mid"
"CFAP221","Mid"
"DMPK","Mid"
"AC007368.1","Mid"
"KIF14","Mid"
"ABCA4","Mid"
"KIF5A","Mid"
"SMC1B","Mid"
"AP005230.1","Mid"
"ROBO2","Mid"
"LINC01902","Mid"
"TRPA1","Mid"
"PROX1-AS1","Mid"
"CFAP43","Mid"
"IYD","Mid"
"AC092162.2","Mid"
"LINC02301","Mid"
"LTK","Mid"
"BDKRB2","Mid"
"LINC01551","Mid"
"AL355306.2","Mid"
"SHANK2","Mid"
"CCL18","Mid"
"PADI2","Mid"
"SLC6A5","Mid"
"KIAA0319","Mid"
"OSTN","Mid"
"PAPPA2","Mid"
"PPP2R2B","Mid"
"CFAP57","Mid"
"LINC00683","Mid"
"AL359208.1","Mid"
"ANKRD18B","Mid"
"AC009264.1","Mid"
"DLEU1","Mid"
"PIWIL1","Mid"
"WT1","Mid"
"MIR137HG","Mid"
"IL31RA","Mid"
"RRP12","Mid"
"ARMC3","Mid"
"HLA-DQA1","Mid"
"MCAM","Mid"
"LINC00960","Mid"
"LINC02201","Mid"
"ITGB2","Mid"
"TNFRSF10D","Mid"
"DLGAP2","Mid"
"IGSF22","Mid"
"AC008591.1","Mid"
"ITGA10","Mid"
"AL390964.1","Mid"
"XDH","Mid"
"KCNK10","Mid"
"MYO16","Mid"
"LINC01446","Mid"
"CTCFL","Mid"
"AC007493.1","Mid"
"LINC01470","Mid"
"TMCO5A","Mid"
"DIAPH3","Mid"
"MALRD1","Mid"
"EHF","Mid"
"AC007179.2","Mid"
"PART1","Mid"
"POT1-AS1","Mid"
"AL021877.2","Mid"
"MDGA2","Mid"
"MAPK10","Mid"
"AC096570.1","Mid"
"SYCP1","Mid"
"SIGLEC1","Mid"
"PCAT1","Mid"
"CORIN","Mid"
"CYP4V2","Mid"
"LINC01440","Mid"
"ADAM7","Mid"
"LINC02405","Mid"
"ZBTB8B","Mid"
"PLG","Mid"
"FUT9","Mid"
"LRRIQ1","Mid"
"DDX3Y","Late"
"ANKRD1","Late"
"COL1A1","Late"
"ATP6V1FNB","Late"
"EGR1","Late"
"COL3A1","Late"
"NR4A3","Late"
"SOCS3","Late"
"JUNB","Late"
"ATF3","Late"
"ADAMTS4","Late"
"SFRP2","Late"
"IL6","Late"
"MXRA5","Late"
"COL1A2","Late"
"SFRP4","Late"
"OTUD1","Late"
"THBS1","Late"
"MYH3","Late"
"ZFP36","Late"
"CDKN1A","Late"
"FOS","Late"
"TNC","Late"
"SELE","Late"
"XIRP1","Late"
"CXCL2","Late"
"CISH","Late"
"GADD45B","Late"
"MYC","Late"
"HLA-DRB5","Late"
"CCDC80","Late"
"MAFF","Late"
"MYBPH","Late"
"SLC2A3","Late"
"BGN","Late"
"FNDC1","Late"
"CSF3","Late"
"CXCL8","Late"
"COMP","Late"
"PTGS2","Late"
"NR4A1","Late"
"AL512603.2","Late"
"BTG2","Late"
"PIEZO2","Late"
"AEBP1","Late"
"HBEGF","Late"
"ICAM1","Late"
"LUM","Late"
"THBD","Late"
"PRG4","Late"
"GPRC5A","Late"
"COL14A1","Late"
"SERPINE1","Late"
"ELN","Late"
"CSRNP1","Late"
"APOLD1","Late"
"MT2A","Late"
"OGN","Late"
"NNMT","Late"
"PRUNE2","Late"
"TNFRSF12A","Late"
"C11orf96","Late"
"ASPN","Late"
"EGR3","Late"
"COL5A1","Late"
"NR4A2","Late"
"TRIM63","Late"
"MPZ","Late"
"CSF3R","Late"
"SPON1","Late"
"HMOX1","Late"
"DHCR24","Late"
"KLHL40","Late"
"HSPA1B","Late"
"MMP19","Late"
"LRRC15","Late"
"THY1","Late"
"PLAUR","Late"
"ADAMTS2","Late"
"FN1","Late"
"SEMA4A","Late"
"NFIL3","Late"
"HK2","Late"
"CCN3","Late"
"NFKBIZ","Late"
"IER5","Late"
"ATP6V1F","Late"
"PDK4","Late"
"IRF1","Late"
"MIR503HG","Late"
"MIDN","Late"
"SPARC","Late"
"ANGPTL4","Late"
"MGP","Late"
"IER2","Late"
"CRISPLD2","Late"
"HSPA1A","Late"
"ADAMTS1","Late"
"ADAM12","Late"
"AC020916.1","Late"
"IER3","Late"
"CILP2","Late"
"RRAD","Late"
"LIF","Late"
"WNT9A","Late"
"CCN2","Late"
"LDLR","Late"
"RGS16","Late"
"FKBP5","Late"
"TREM1","Late"
"ITGAX","Late"
"FOSL1","Late"
"SLC11A1","Late"
"DNAJB1","Late"
"TRIB1","Late"
"RASD1","Late"
"CEBPD","Late"
"MAP1A","Late"
"MGAM","Late"
"COL11A1","Late"
"SGK1","Late"
"GLUL","Late"
"LOX","Late"
"MMP2","Late"
"EMP1","Late"
"COL5A2","Late"
"RGS2","Late"
"FCGR3B","Late"
"KLF10","Late"
"PIM1","Late"
"BHLHE40","Late"
"ARID5A","Late"
"ARID5B","Late"
"EGR2","Late"
"SLC22A5","Late"
"THBS2","Late"
"C7","Late"
"NABP1","Late"
"FSTL1","Late"
"CPXM1","Late"
"HSPH1","Late"
"FBN1","Late"
"AMPD3","Late"
"COL6A3","Late"
"SSC5D","Late"
"OLFML2B","Late"
"MT1A","Late"
"CCN4","Late"
"PRSS23","Late"
"LMCD1","Late"
"PRELP","Late"
"MRC2","Late"
"GFPT2","Late"
"PNP","Late"
"FBLN1","Late"
"MT1E","Late"
"CH25H","Late"
"GPNMB","Late"
"GEM","Late"
"IGF2","Late"
"PCOLCE","Late"
"ETS2","Late"
"MT1X","Late"
"MFAP5","Late"
"MYH11","Late"
"ABI3BP","Late"
"CILP","Late"
"EPB41L4B","Late"
"DUSP1","Late"
"TMEM119","Late"
"DNAJA4","Late"
"CHRDL1","Late"
"HAS1","Late"
"SERPINH1","Late"
"CD248","Late"
"EDIL3","Late"
"IQCN","Late"
"IGF1","Late"
"PPP1R27","Late"
"TIMP1","Late"
"CSPG4","Late"
"SFRP1","Late"
"SIK1B","Late"
"PDE4B","Late"
"CYTOR","Late"
"GJA1","Late"
"CXCL1","Late"
"SMOC2","Late"
"AHNAK2","Late"
"KLF4","Late"
"VCAN","Late"
"TNFAIP3","Late"
"B3GNT5","Late"
"FABP7","Late"
"DCLK1","Late"
"COL6A2","Late"
"SORL1","Late"
"FAT1","Late"
"PLAU","Late"
"AC090192.2","Late"
"HCN1","Late"
"C14orf132","Late"
"SLITRK4","Late"
"ZC3H12A","Late"
"S100A9","Late"
"IGSF10","Late"
"SDC4","Late"
"AVPR1A","Late"
"CCNL1","Late"
"HHATL-AS1","Late"
"AC016831.6","Late"
"MEDAG","Late"
"SERPINA3","Late"
"LRRC7","Late"
"ST3GAL3-AS1","Late"
"KLF6","Late"
"NAMPT","Late"
"ADPRHL1","Late"
"HSPA6","Late"
"PPP1R15A","Late"
"AC016831.1","Late"
"LINC00910","Late"
"CNN1","Late"
"TMEM107","Late"
"ELL2","Late"
"CD44","Late"
"STC1","Late"
"COL6A1","Late"
"AC068506.1","Late"
"CSRP3","Late"
"CCN5","Late"
"AC093797.1","Late"
"RHOB","Late"
"F13A1","Late"
"HMCN1","Late"
"RND1","Late"
"AC105046.1","Late"
"SLC19A2","Late"
"MMP14","Late"
"LTBP2","Late"
"ARPP21","Late"
"VMP1","Late"
"U2AF1","Late"
"ERRFI1","Late"
"BCL3","Late"
"CDH11","Late"
"AQP9","Late"
"C2CD4B","Late"
"DACT1","Late"
"SAMD11","Late"
"COL8A1","Late"
"ECM2","Late"
"LCP1","Late"
"OSMR","Late"
"C5AR1","Late"
"DNAJB5","Late"
"MFAP4","Late"
"AC116366.1","Late"
"ACTG2","Late"
"KDM6B","Late"
"IRS2","Late"
"MIR223HG","Late"
"RCAN1","Late"
"ADGRG3","Late"
"FPR1","Late"
"COL16A1","Late"
"SLC39A14","Late"
"MMP25","Late"
"NGFR","Late"
"ANXA1","Late"
"SLIT3","Late"
"MMRN1","Late"
"FBLN2","Late"
"GALNT5","Late"
"KLF15","Late"
"SELL","Late"
"GXYLT2","Late"
"AL353135.2","Late"
"CXCR2","Late"
"AC091057.1","Late"
"RUBCNL","Late"
"PODN","Late"
"S100A8","Late"
"EFEMP1","Late"
"RAB15","Late"
"MUC20","Late"
"FAM83B","Late"
"NFKBIA","Late"
"TIMP2","Late"
"SORBS2","Late"
"CERCAM","Late"
"AC037198.1","Late"
"SH3PXD2B","Late"
"KCNQ5","Late"
"NR1D1","Late"
"SGMS2","Late"
"AC016831.4","Late"
"AL355304.1","Late"
"MYOF","Late"
"SCHIP1","Late"
"CTSK","Late"
"ITGB8","Late"
"DGKD","Late"
"ISLR","Late"
"SIK1","Late"
"PLVAP","Late"
"ANPEP","Late"
"AL021578.1","Late"
"FCGR2A","Late"
"ARL5B","Late"
"SERPINA1","Late"
"GPC3","Late"
"HTRA1","Late"
"MEF2C-AS1","Late"
"TIPARP","Late"
"LRRN1","Late"
"PANX1","Late"
"DCN","Late"
"MYH10","Late"
"SAMSN1","Late"
"ADAMTS16","Late"
"KCNJ15","Late"
"TNXB","Late"
"PLEKHG2","Late"
"TSHZ2","Late"
"NRK","Late"
"ANGPTL2","Late"
"CXCL14","Late"
"ALDH1A3","Late"
"PTPRC","Late"
"ANTXR1","Late"
"DUSP5","Late"
"ATP1B3","Late"
"SLC4A7","Late"
"HSPB7","Late"
"C1R","Late"
"S100A4","Late"
"SVEP1","Late"
"AL109615.2","Late"
"ZNF469","Late"
"IL1R2","Late"
"NFATC2","Late"
"TAGLN","Late"
"MYADM","Late"
"LITAF","Late"
"FAP","Late"
"FOXO3","Late"
"AC084871.1","Late"
"C1QC","Late"
"MIR22HG","Late"
"VIM","Late"
"SCARA3","Late"
"IL1B","Late"
"CEMIP","Late"
"PFKP","Late"
"ITGBL1","Late"
"ADAMTS18","Late"
"TM4SF1","Late"
"C3","Late"
"KBTBD8","Late"
"HSPD1","Late"
"HSPB8","Late"
"ADRA2A","Late"
"ITGA11","Late"
"PHLDA1","Late"
"DNM1","Late"
"MIR222HG","Late"
"FKBP10","Late"
"KIAA0040","Late"
"CPXM2","Late"
"ARC","Late"
"PLXNB2","Late"
"CFH","Late"
"CYP1B1","Late"
"FOSL2","Late"
"SEMA3A","Late"
"CXCR1","Late"
"IL4R","Late"
"C1QB","Late"
"SERTAD1","Late"
"PLTP","Late"
"AGT","Late"
"SRPX","Late"
"MYO1F","Late"
"PTGFRN","Late"
"LINC-PINT","Late"
"CYP4F3","Late"
"OMD","Late"
"RFX2","Late"
"STAB1","Late"
"ALPK2","Late"
"SLCO4A1","Late"
"OAF","Late"
"LGALS3BP","Late"
"JUN","Late"
"MXRA8","Late"
"MYLK","Late"
"SAT1","Late"
"ID4","Late"
"CYBRD1","Late"
"BASP1","Late"
"FLNC","Late"
"IGFBP3","Late"
"EEF1A1","Late"
"TPM4","Late"
"NPIPB15","Late"
"RASSF2","Late"
"CDON","Late"
"ADAMTSL4-AS1","Late"
"TGFB3","Late"
"INHBA","Late"
"SERPINB1","Late"
"MMP16","Late"
"ECM1","Late"
"NT5E","Late"
"FLRT2","Late"
"AKR1B15","Late"
"PLK3","Late"
"H4C8","Late"
"FOXC1","Late"
"PTPRD","Late"
"KIAA1755","Late"
"SEMA3D","Late"
"ACTA2","Late"
"SRGN","Late"
"CD109","Late"
"JAML","Late"
"SULF1","Late"
"ADAMTSL1","Late"
"KIF26B","Late"
"VEGFA","Late"
"DPP4","Late"
"PER1","Late"
"LSAMP","Late"
"SLC7A5","Late"
"DKK3","Late"
"SOCS2","Late"
"CRABP2","Late"
"DRP2","Late"
"BCAT1","Late"
"ICAM4","Late"
"PER2","Late"
"MNDA","Late"
"FGF7","Late"
"DIO2","Late"
"FSCN1","Late"
"ADGRE2","Late"
"VCAM1","Late"
"COL8A2","Late"
"MRC1","Late"
"AOX1","Late"
"FAM157C","Late"
"TUBA4A","Late"
"F5","Late"
"DPT","Late"
"RARRES2","Late"
