Gene_set,Term,Overlap,P-value,Adjusted P-value,Old P-value,Old Adjusted P-value,Odds Ratio,Combined Score,Genes
GO_Biological_Process_2021,detection of chemical stimulus involved in sensory perception of smell (GO:0050911),3/23,0.0142584573062148,0.999995723592372,0,0,6.568721973094171,27.919729067131644,OR10J1;OR6K3;OR13G1
GO_Biological_Process_2021,detection of chemical stimulus involved in sensory perception (GO:0050907),3/25,0.0179173853344896,0.999995723592372,0,0,5.970953933958418,24.01507993175149,OR10J1;OR6K3;OR13G1
GO_Biological_Process_2021,glucuronate metabolic process (GO:0019585),2/15,0.0435380645336268,0.999995723592372,0,0,6.724488039924282,21.075350282115537,UGT2B4;UGT1A9
GO_Biological_Process_2021,cellular glucuronidation (GO:0052695),2/19,0.0668830740464742,0.999995723592372,0,0,5.141202789840769,13.905973364117523,UGT2B4;UGT1A9
GO_Biological_Process_2021,ncRNA 3'-end processing (GO:0043628),2/24,0.1004192342336547,0.999995723592372,0,0,3.971730730119992,9.128631923468715,SAGE1;CT45A1
GO_Biological_Process_2021,sialic acid transport (GO:0015739),1/5,0.1073317887176223,0.999995723592372,0,0,10.907924107142858,24.34463676544263,SLC17A3
GO_Biological_Process_2021,negative regulation of smooth muscle cell apoptotic process (GO:0034392),1/5,0.1073317887176223,0.999995723592372,0,0,10.907924107142858,24.34463676544263,APOH
GO_Biological_Process_2021,regulation of system process (GO:0044057),1/5,0.1073317887176223,0.999995723592372,0,0,10.907924107142858,24.34463676544263,HTR2C
GO_Biological_Process_2021,glucose-6-phosphate transport (GO:0015760),1/5,0.1073317887176223,0.999995723592372,0,0,10.907924107142858,24.34463676544263,SLC17A3
GO_Biological_Process_2021,urate transport (GO:0015747),1/5,0.1073317887176223,0.999995723592372,0,0,10.907924107142858,24.34463676544263,SLC17A3
GO_Biological_Process_2021,hexose phosphate transport (GO:0015712),1/5,0.1073317887176223,0.999995723592372,0,0,10.907924107142858,24.34463676544263,SLC17A3
GO_Biological_Process_2021,regulation of phosphatidylinositol biosynthetic process (GO:0010511),1/5,0.1073317887176223,0.999995723592372,0,0,10.907924107142858,24.34463676544263,HTR2C
GO_Biological_Process_2021,snRNA processing (GO:0016180),2/26,0.1148990837846936,0.999995723592372,0,0,3.640380313199105,7.876694772260446,SAGE1;CT45A1
GO_Biological_Process_2021,acetyl-CoA biosynthetic process from pyruvate (GO:0006086),1/6,0.1273771704212559,0.999995723592372,0,0,8.725892857142858,17.980598799895084,PDHA2
GO_Biological_Process_2021,regulation of very-low-density lipoprotein particle remodeling (GO:0010901),1/6,0.1273771704212559,0.999995723592372,0,0,8.725892857142858,17.980598799895084,APOA2
GO_Biological_Process_2021,negative regulation of myeloid cell apoptotic process (GO:0033033),1/6,0.1273771704212559,0.999995723592372,0,0,8.725892857142858,17.980598799895084,APOH
GO_Biological_Process_2021,protein localization to non-motile cilium (GO:0097499),1/6,0.1273771704212559,0.999995723592372,0,0,8.725892857142858,17.980598799895084,ARL13A
GO_Biological_Process_2021,snRNA 3'-end processing (GO:0034472),2/30,0.1452544685408119,0.999995723592372,0,0,3.1196868008948546,6.018712286988692,SAGE1;CT45A1
GO_Biological_Process_2021,positive regulation of phospholipid biosynthetic process (GO:0071073),1/7,0.1469734029130579,0.999995723592372,0,0,7.271205357142857,13.942562747782858,HTR2C
GO_Biological_Process_2021,protein localization to ciliary membrane (GO:1903441),1/7,0.1469734029130579,0.999995723592372,0,0,7.271205357142857,13.942562747782858,ARL13A
GO_Biological_Process_2021,mitotic spindle elongation (GO:0000022),1/8,0.1661305275499882,0.999995723592372,0,0,6.232142857142857,11.186581065771808,KIF4A
GO_Biological_Process_2021,mitotic spindle midzone assembly (GO:0051256),1/8,0.1661305275499882,0.999995723592372,0,0,6.232142857142857,11.186581065771808,KIF4A
GO_Biological_Process_2021,negative regulation of muscle cell apoptotic process (GO:0010656),1/8,0.1661305275499882,0.999995723592372,0,0,6.232142857142857,11.186581065771808,APOH
GO_Biological_Process_2021,positive regulation of lipoprotein lipase activity (GO:0051006),1/8,0.1661305275499882,0.999995723592372,0,0,6.232142857142857,11.186581065771808,APOH
GO_Biological_Process_2021,regulation of smooth muscle cell apoptotic process (GO:0034391),1/9,0.1848583618926766,0.999995723592372,0,0,5.452845982142857,9.205305692424858,APOH
GO_Biological_Process_2021,lipoprotein metabolic process (GO:0042157),1/9,0.1848583618926766,0.999995723592372,0,0,5.452845982142857,9.205305692424858,APOA2
GO_Biological_Process_2021,flavonoid glucuronidation (GO:0052696),1/9,0.1848583618926766,0.999995723592372,0,0,5.452845982142857,9.205305692424858,UGT1A9
GO_Biological_Process_2021,positive regulation of cholesterol esterification (GO:0010873),1/9,0.1848583618926766,0.999995723592372,0,0,5.452845982142857,9.205305692424858,APOA2
GO_Biological_Process_2021,chylomicron remodeling (GO:0034371),1/9,0.1848583618926766,0.999995723592372,0,0,5.452845982142857,9.205305692424858,APOA2
GO_Biological_Process_2021,negative regulation of fibrinolysis (GO:0051918),1/9,0.1848583618926766,0.999995723592372,0,0,5.452845982142857,9.205305692424858,APOH
GO_Biological_Process_2021,cytolysis by host of symbiont cells (GO:0051838),1/9,0.1848583618926766,0.999995723592372,0,0,5.452845982142857,9.205305692424858,CFHR2
GO_Biological_Process_2021,cytolysis in other organism involved in symbiotic interaction (GO:0051801),1/9,0.1848583618926766,0.999995723592372,0,0,5.452845982142857,9.205305692424858,CFHR2
GO_Biological_Process_2021,positive regulation of triglyceride lipase activity (GO:0061365),1/9,0.1848583618926766,0.999995723592372,0,0,5.452845982142857,9.205305692424858,APOH
GO_Biological_Process_2021,negative regulation of lipase activity (GO:0060192),1/9,0.1848583618926766,0.999995723592372,0,0,5.452845982142857,9.205305692424858,APOA2
GO_Biological_Process_2021,organic cyclic compound catabolic process (GO:1901361),1/9,0.1848583618926766,0.999995723592372,0,0,5.452845982142857,9.205305692424858,ALLC
GO_Biological_Process_2021,negative regulation of production of molecular mediator of immune response (GO:0002701),1/9,0.1848583618926766,0.999995723592372,0,0,5.452845982142857,9.205305692424858,APOA2
GO_Biological_Process_2021,plasminogen activation (GO:0031639),1/9,0.1848583618926766,0.999995723592372,0,0,5.452845982142857,9.205305692424858,APOH
GO_Biological_Process_2021,acetyl-CoA biosynthetic process (GO:0006085),1/10,0.2031665045471554,0.999995723592372,0,0,4.846726190476191,7.724370104415295,PDHA2
GO_Biological_Process_2021,G protein-coupled serotonin receptor signaling pathway (GO:0098664),1/10,0.2031665045471554,0.999995723592372,0,0,4.846726190476191,7.724370104415295,HTR2C
GO_Biological_Process_2021,positive regulation of coagulation (GO:0050820),1/10,0.2031665045471554,0.999995723592372,0,0,4.846726190476191,7.724370104415295,APOH
GO_Biological_Process_2021,chylomicron assembly (GO:0034378),1/10,0.2031665045471554,0.999995723592372,0,0,4.846726190476191,7.724370104415295,APOA2
GO_Biological_Process_2021,positive regulation of hemostasis (GO:1900048),1/10,0.2031665045471554,0.999995723592372,0,0,4.846726190476191,7.724370104415295,APOH
GO_Biological_Process_2021,peptidyl-amino acid modification (GO:0018193),1/10,0.2031665045471554,0.999995723592372,0,0,4.846726190476191,7.724370104415295,APOA2
GO_Biological_Process_2021,protein oxidation (GO:0018158),1/11,0.2210643402146427,0.999995723592372,0,0,4.361830357142857,6.583317046878554,APOA2
GO_Biological_Process_2021,negative regulation of cholesterol transport (GO:0032375),1/11,0.2210643402146427,0.999995723592372,0,0,4.361830357142857,6.583317046878554,APOA2
GO_Biological_Process_2021,urate metabolic process (GO:0046415),1/11,0.2210643402146427,0.999995723592372,0,0,4.361830357142857,6.583317046878554,SLC17A3
GO_Biological_Process_2021,organophosphate catabolic process (GO:0046434),1/11,0.2210643402146427,0.999995723592372,0,0,4.361830357142857,6.583317046878554,APOA2
GO_Biological_Process_2021,V(D)J recombination (GO:0033151),1/11,0.2210643402146427,0.999995723592372,0,0,4.361830357142857,6.583317046878554,RAG2
GO_Biological_Process_2021,xenobiotic glucuronidation (GO:0052697),1/11,0.2210643402146427,0.999995723592372,0,0,4.361830357142857,6.583317046878554,UGT1A9
GO_Biological_Process_2021,acylglycerol metabolic process (GO:0006639),2/41,0.2346186977735314,0.999995723592372,0,0,2.238513164687661,3.24538216104931,APOH;APOA2
GO_Biological_Process_2021,sensory perception of taste (GO:0050909),1/12,0.2385610440343427,0.999995723592372,0,0,3.9650974025974026,5.682500245079484,GNAT3
GO_Biological_Process_2021,negative regulation of hemostasis (GO:1900047),1/12,0.2385610440343427,0.999995723592372,0,0,3.9650974025974026,5.682500245079484,APOH
GO_Biological_Process_2021,regulation of cholesterol esterification (GO:0010872),1/12,0.2385610440343427,0.999995723592372,0,0,3.9650974025974026,5.682500245079484,APOA2
GO_Biological_Process_2021,peptidyl-methionine modification (GO:0018206),1/12,0.2385610440343427,0.999995723592372,0,0,3.9650974025974026,5.682500245079484,APOA2
GO_Biological_Process_2021,phospholipid efflux (GO:0033700),1/12,0.2385610440343427,0.999995723592372,0,0,3.9650974025974026,5.682500245079484,APOA2
GO_Biological_Process_2021,sensory perception of smell (GO:0007608),4/111,0.2391363069281114,0.999995723592372,0,0,1.6334348419615667,2.3369904579044705,OR10J1;OR8J1;OR6K3;OR13G1
GO_Biological_Process_2021,spermatid development (GO:0007286),2/43,0.2513112256324131,0.999995723592372,0,0,2.1290991433404267,2.940420401896306,FAM9A;FAM9C
GO_Biological_Process_2021,regulation of fibrinolysis (GO:0051917),1/13,0.255665586665032,0.999995723592372,0,0,3.634486607142857,4.957021731832167,APOH
GO_Biological_Process_2021,positive regulation of steroid metabolic process (GO:0045940),1/13,0.255665586665032,0.999995723592372,0,0,3.634486607142857,4.957021731832167,APOA2
GO_Biological_Process_2021,triglyceride-rich lipoprotein particle remodeling (GO:0034370),1/13,0.255665586665032,0.999995723592372,0,0,3.634486607142857,4.957021731832167,APOA2
GO_Biological_Process_2021,high-density lipoprotein particle assembly (GO:0034380),1/13,0.255665586665032,0.999995723592372,0,0,3.634486607142857,4.957021731832167,APOA2
GO_Biological_Process_2021,sodium-independent organic anion transport (GO:0043252),1/14,0.2723867384807874,0.999995723592372,0,0,3.354739010989011,4.36294674339567,SLCO6A1
GO_Biological_Process_2021,low-density lipoprotein particle remodeling (GO:0034374),1/14,0.2723867384807874,0.999995723592372,0,0,3.354739010989011,4.36294674339567,APOA2
GO_Biological_Process_2021,negative regulation of coagulation (GO:0050819),1/14,0.2723867384807874,0.999995723592372,0,0,3.354739010989011,4.36294674339567,APOH
GO_Biological_Process_2021,cGMP-mediated signaling (GO:0019934),1/14,0.2723867384807874,0.999995723592372,0,0,3.354739010989011,4.36294674339567,HTR2C
GO_Biological_Process_2021,T cell differentiation in thymus (GO:0033077),1/14,0.2723867384807874,0.999995723592372,0,0,3.354739010989011,4.36294674339567,RAG2
GO_Biological_Process_2021,regulation of lipase activity (GO:0060191),1/14,0.2723867384807874,0.999995723592372,0,0,3.354739010989011,4.36294674339567,APOA2
GO_Biological_Process_2021,positive regulation of lymphocyte migration (GO:2000403),1/14,0.2723867384807874,0.999995723592372,0,0,3.354739010989011,4.36294674339567,CCL20
GO_Biological_Process_2021,synaptonemal complex assembly (GO:0007130),1/15,0.288733074192341,0.999995723592372,0,0,3.114955357142857,3.8695615046164367,TEX11
GO_Biological_Process_2021,synaptonemal complex organization (GO:0070193),1/15,0.288733074192341,0.999995723592372,0,0,3.114955357142857,3.8695615046164367,TEX11
GO_Biological_Process_2021,killing by host of symbiont cells (GO:0051873),1/16,0.3047129772352235,0.999995723592372,0,0,2.907142857142857,3.4548049750223697,CFHR2
GO_Biological_Process_2021,positive regulation of blood coagulation (GO:0030194),1/17,0.320334643816305,0.999995723592372,0,0,2.725306919642857,3.102459603422678,APOH
GO_Biological_Process_2021,negative regulation of cytokine production involved in immune response (GO:0002719),1/17,0.320334643816305,0.999995723592372,0,0,2.725306919642857,3.102459603422678,APOA2
GO_Biological_Process_2021,reverse cholesterol transport (GO:0043691),1/17,0.320334643816305,0.999995723592372,0,0,2.725306919642857,3.102459603422678,APOA2
GO_Biological_Process_2021,phosphate ion transport (GO:0006817),1/17,0.320334643816305,0.999995723592372,0,0,2.725306919642857,3.102459603422678,SLC17A3
GO_Biological_Process_2021,positive regulation of peptidyl-serine phosphorylation of STAT protein (GO:0033141),1/18,0.3356060873889779,0.999995723592372,0,0,2.564863445378151,2.8003619374189346,IFNA6
GO_Biological_Process_2021,T cell migration (GO:0072678),1/18,0.3356060873889779,0.999995723592372,0,0,2.564863445378151,2.8003619374189346,CCL20
GO_Biological_Process_2021,negative regulation of lipid catabolic process (GO:0050995),1/18,0.3356060873889779,0.999995723592372,0,0,2.564863445378151,2.8003619374189346,APOA2
GO_Biological_Process_2021,high-density lipoprotein particle remodeling (GO:0034375),1/18,0.3356060873889779,0.999995723592372,0,0,2.564863445378151,2.8003619374189346,APOA2
GO_Biological_Process_2021,regulation of nervous system process (GO:0031644),1/19,0.3505351424066578,0.999995723592372,0,0,2.422247023809524,2.5392277818993207,HTR2C
GO_Biological_Process_2021,regulation of peptidyl-serine phosphorylation of STAT protein (GO:0033139),1/19,0.3505351424066578,0.999995723592372,0,0,2.422247023809524,2.5392277818993207,IFNA6
GO_Biological_Process_2021,triglyceride metabolic process (GO:0006641),2/55,0.3509496900596237,0.999995723592372,0,0,1.6460259170149,1.7235741467041457,APOH;APOA2
GO_Biological_Process_2021,regulation of T cell migration (GO:2000404),1/20,0.3651294684337223,0.999995723592372,0,0,2.294642857142857,2.3118602055875983,CCL20
GO_Biological_Process_2021,sterol transport (GO:0015918),1/21,0.3793965543329313,0.999995723592372,0,0,2.1797991071428573,2.1126031014337068,APOA2
GO_Biological_Process_2021,regulation of lipid catabolic process (GO:0050994),1/21,0.3793965543329313,0.999995723592372,0,0,2.1797991071428573,2.1126031014337068,APOA2
GO_Biological_Process_2021,regulation of lipoprotein lipase activity (GO:0051004),1/21,0.3793965543329313,0.999995723592372,0,0,2.1797991071428573,2.1126031014337068,APOH
GO_Biological_Process_2021,calcium-mediated signaling using intracellular calcium source (GO:0035584),1/21,0.3793965543329313,0.999995723592372,0,0,2.1797991071428573,2.1126031014337068,CCL20
GO_Biological_Process_2021,natural killer cell activation involved in immune response (GO:0002323),1/21,0.3793965543329313,0.999995723592372,0,0,2.1797991071428573,2.1126031014337068,IFNA6
GO_Biological_Process_2021,positive regulation of lipid catabolic process (GO:0050996),1/22,0.39334372136539,0.999995723592372,0,0,2.075892857142857,1.9369563380984576,APOA2
GO_Biological_Process_2021,B cell differentiation (GO:0030183),2/61,0.3992173374929568,0.999995723592372,0,0,1.478178440071285,1.3573363251052422,IFNA6;RAG2
GO_Biological_Process_2021,diacylglycerol metabolic process (GO:0046339),1/23,0.4069781277533795,0.999995723592372,0,0,1.98143262987013,1.781299681878175,APOA2
GO_Biological_Process_2021,lymphocyte activation involved in immune response (GO:0002285),1/24,0.4203067716561104,0.999995723592372,0,0,1.8951863354037264,1.6426914665639072,IFNA6
GO_Biological_Process_2021,cholesterol efflux (GO:0033344),1/24,0.4203067716561104,0.999995723592372,0,0,1.8951863354037264,1.6426914665639072,APOA2
GO_Biological_Process_2021,negative regulation of lipid metabolic process (GO:0045833),1/24,0.4203067716561104,0.999995723592372,0,0,1.8951863354037264,1.6426914665639072,APOA2
GO_Biological_Process_2021,regulation of cytokine production involved in immune response (GO:0002718),1/24,0.4203067716561104,0.999995723592372,0,0,1.8951863354037264,1.6426914665639072,APOA2
GO_Biological_Process_2021,phospholipid catabolic process (GO:0009395),1/24,0.4203067716561104,0.999995723592372,0,0,1.8951863354037264,1.6426914665639072,APOA2
GO_Biological_Process_2021,"G protein-coupled receptor signaling pathway, coupled to cyclic nucleotide second messenger (GO:0007187)",2/65,0.4304537053009085,0.999995723592372,0,0,1.384041759880686,1.1666302492060958,HTR2C;OR5T2
GO_Biological_Process_2021,negative regulation of sequestering of calcium ion (GO:0051283),1/25,0.4333364950493154,0.999995723592372,0,0,1.8161272321428568,1.5187195586743698,HTR2C
GO_Biological_Process_2021,positive regulation of T cell migration (GO:2000406),1/25,0.4333364950493154,0.999995723592372,0,0,1.8161272321428568,1.5187195586743698,CCL20
GO_Biological_Process_2021,response to dsRNA (GO:0043331),1/25,0.4333364950493154,0.999995723592372,0,0,1.8161272321428568,1.5187195586743698,IFNA6
GO_Biological_Process_2021,response to hexose (GO:0009746),1/25,0.4333364950493154,0.999995723592372,0,0,1.8161272321428568,1.5187195586743698,APOA2
GO_Biological_Process_2021,regulation of cholesterol transport (GO:0032374),1/25,0.4333364950493154,0.999995723592372,0,0,1.8161272321428568,1.5187195586743698,APOA2
GO_Biological_Process_2021,positive regulation of lipid metabolic process (GO:0045834),1/25,0.4333364950493154,0.999995723592372,0,0,1.8161272321428568,1.5187195586743698,APOA2
GO_Biological_Process_2021,retinoic acid metabolic process (GO:0042573),1/26,0.4460739872148485,0.999995723592372,0,0,1.7433928571428572,1.4073895364940698,UGT1A9
GO_Biological_Process_2021,regulation of blood coagulation (GO:0030193),1/27,0.4585257879631585,0.999995723592372,0,0,1.676253434065934,1.3070397484320515,APOH
GO_Biological_Process_2021,release of sequestered calcium ion into cytosol (GO:0051209),1/27,0.4585257879631585,0.999995723592372,0,0,1.676253434065934,1.3070397484320515,HTR2C
GO_Biological_Process_2021,cellular lipid catabolic process (GO:0044242),1/27,0.4585257879631585,0.999995723592372,0,0,1.676253434065934,1.3070397484320515,APOA2
GO_Biological_Process_2021,T cell activation involved in immune response (GO:0002286),1/28,0.4706982911807472,0.999995723592372,0,0,1.6140873015873016,1.2162760540500523,IFNA6
GO_Biological_Process_2021,positive regulation of cytosolic calcium ion concentration involved in phospholipase C-activating G protein-coupled signaling pathway (GO:0051482),1/28,0.4706982911807472,0.999995723592372,0,0,1.6140873015873016,1.2162760540500523,HTR2C
GO_Biological_Process_2021,phagosome acidification (GO:0090383),1/28,0.4706982911807472,0.999995723592372,0,0,1.6140873015873016,1.2162760540500523,ATP6V1G3
GO_Biological_Process_2021,negative regulation of wound healing (GO:0061045),1/29,0.4825977478640554,0.999995723592372,0,0,1.5563616071428572,1.133921165854055,APOH
GO_Biological_Process_2021,homologous chromosome pairing at meiosis (GO:0007129),1/29,0.4825977478640554,0.999995723592372,0,0,1.5563616071428572,1.133921165854055,TEX11
GO_Biological_Process_2021,cytoskeleton-dependent cytokinesis (GO:0061640),2/72,0.4829441168904303,0.999995723592372,0,0,1.245190156599553,0.9063170496984616,KIF4A;SEPTIN14
GO_Biological_Process_2021,estrogen metabolic process (GO:0008210),1/30,0.4942302694867273,0.999995723592372,0,0,1.5026169950738917,1.0589749438142602,UGT2B4
GO_Biological_Process_2021,non-motile cilium assembly (GO:1905515),1/30,0.4942302694867273,0.999995723592372,0,0,1.5026169950738917,1.0589749438142602,ARL13A
GO_Biological_Process_2021,B cell proliferation (GO:0042100),1/32,0.5167182738328382,0.999995723592372,0,0,1.4055299539170507,0.9280116624684112,IFNA6
GO_Biological_Process_2021,phosphatidylcholine biosynthetic process (GO:0006656),1/33,0.5275853091643797,0.999995723592372,0,0,1.3615373883928572,0.8706278711803396,APOA2
GO_Biological_Process_2021,acylglycerol catabolic process (GO:0046464),1/35,0.5485933662011726,0.999995723592372,0,0,1.2813156512605042,0.769299088876897,APOA2
GO_Biological_Process_2021,negative regulation of epithelial cell migration (GO:0010633),1/35,0.5485933662011726,0.999995723592372,0,0,1.2813156512605042,0.769299088876897,APOH
GO_Biological_Process_2021,response to exogenous dsRNA (GO:0043330),1/35,0.5485933662011726,0.999995723592372,0,0,1.2813156512605042,0.769299088876897,IFNA6
GO_Biological_Process_2021,intracellular pH reduction (GO:0051452),1/35,0.5485933662011726,0.999995723592372,0,0,1.2813156512605042,0.769299088876897,ATP6V1G3
GO_Biological_Process_2021,axonal transport (GO:0098930),1/36,0.5587451835377656,0.999995723592372,0,0,1.2446428571428572,0.7244590034843406,KIF4A
GO_Biological_Process_2021,transferrin transport (GO:0033572),1/36,0.5587451835377656,0.999995723592372,0,0,1.2446428571428572,0.7244590034843406,ATP6V1G3
GO_Biological_Process_2021,cyclic-nucleotide-mediated signaling (GO:0019935),1/36,0.5587451835377656,0.999995723592372,0,0,1.2446428571428572,0.7244590034843406,HTR2C
GO_Biological_Process_2021,lymphocyte differentiation (GO:0030098),2/84,0.5656046058790312,0.999995723592372,0,0,1.062312435204889,0.6053693867220084,IFNA6;RAG2
GO_Biological_Process_2021,anterograde axonal transport (GO:0008089),1/37,0.5686691898135564,0.999995723592372,0,0,1.2100074404761905,0.6829964470383526,KIF4A
GO_Biological_Process_2021,negative regulation of endothelial cell proliferation (GO:0001937),1/37,0.5686691898135564,0.999995723592372,0,0,1.2100074404761905,0.6829964470383526,APOH
GO_Biological_Process_2021,phagosome maturation (GO:0090382),1/37,0.5686691898135564,0.999995723592372,0,0,1.2100074404761905,0.6829964470383526,ATP6V1G3
GO_Biological_Process_2021,B cell activation (GO:0042113),2/85,0.572049422190514,0.999995723592372,0,0,1.0494595832996416,0.5861545444694249,IFNA6;RAG2
GO_Biological_Process_2021,lymphocyte proliferation (GO:0046651),1/38,0.5783704861545366,0.999995723592372,0,0,1.1772442084942083,0.6445890428148918,IFNA6
GO_Biological_Process_2021,negative regulation of endothelial cell migration (GO:0010596),1/38,0.5783704861545366,0.999995723592372,0,0,1.1772442084942083,0.6445890428148918,APOH
GO_Biological_Process_2021,negative regulation of blood coagulation (GO:0030195),1/40,0.5971247856670409,0.999995723592372,0,0,1.1167582417582418,0.5758331210599706,APOH
GO_Biological_Process_2021,fatty acid derivative biosynthetic process (GO:1901570),1/40,0.5971247856670409,0.999995723592372,0,0,1.1167582417582418,0.5758331210599706,AWAT1
GO_Biological_Process_2021,lymphocyte migration (GO:0072676),1/40,0.5971247856670409,0.999995723592372,0,0,1.1167582417582418,0.5758331210599706,CCL20
GO_Biological_Process_2021,detection of chemical stimulus involved in sensory perception of bitter taste (GO:0001580),1/40,0.5971247856670409,0.999995723592372,0,0,1.1167582417582418,0.5758331210599706,GNAT3
GO_Biological_Process_2021,positive regulation of wound healing (GO:0090303),1/40,0.5971247856670409,0.999995723592372,0,0,1.1167582417582418,0.5758331210599706,APOH
GO_Biological_Process_2021,T cell differentiation (GO:0030217),1/41,0.6061874310765375,0.999995723592372,0,0,1.0887834821428573,0.5450080453591212,RAG2
GO_Biological_Process_2021,sensory perception of bitter taste (GO:0050913),1/41,0.6061874310765375,0.999995723592372,0,0,1.0887834821428573,0.5450080453591212,GNAT3
GO_Biological_Process_2021,calcium ion transmembrane import into cytosol (GO:0097553),1/42,0.615046656014316,0.999995723592372,0,0,1.0621733449477353,0.5162769495047038,HTR2C
GO_Biological_Process_2021,monocyte chemotaxis (GO:0002548),1/42,0.615046656014316,0.999995723592372,0,0,1.0621733449477353,0.5162769495047038,CCL20
GO_Biological_Process_2021,retinoid metabolic process (GO:0001523),2/92,0.6152084318909079,0.999995723592372,0,0,0.9674869500372856,0.4699995053186346,APOA2;UGT1A9
GO_Biological_Process_2021,anion transport (GO:0006820),1/43,0.6237070164829922,0.999995723592372,0,0,1.0368303571428572,0.4894612198587184,SLC17A3
GO_Biological_Process_2021,natural killer cell activation (GO:0030101),1/43,0.6237070164829922,0.999995723592372,0,0,1.0368303571428572,0.4894612198587184,IFNA6
GO_Biological_Process_2021,negative regulation of proteolysis (GO:0045861),1/43,0.6237070164829922,0.999995723592372,0,0,1.0368303571428572,0.4894612198587184,TM4SF20
GO_Biological_Process_2021,lymphocyte chemotaxis (GO:0048247),1/44,0.6321729667354311,0.999995723592372,0,0,1.0126661129568106,0.4644008218581149,CCL20
GO_Biological_Process_2021,detection of chemical stimulus involved in sensory perception of taste (GO:0050912),1/44,0.6321729667354311,0.999995723592372,0,0,1.0126661129568106,0.4644008218581149,GNAT3
GO_Biological_Process_2021,mitotic spindle assembly (GO:0090307),1/44,0.6321729667354311,0.999995723592372,0,0,1.0126661129568106,0.4644008218581149,KIF4A
GO_Biological_Process_2021,zymogen activation (GO:0031638),1/45,0.6404488612387207,0.999995723592372,0,0,0.9896002435064936,0.4409520168451382,APOH
GO_Biological_Process_2021,organic anion transport (GO:0015711),2/99,0.6549557845003493,0.999995723592372,0,0,0.8973454184828986,0.3797454093354953,SLCO6A1;SLC17A3
GO_Biological_Process_2021,sensory perception of chemical stimulus (GO:0007606),2/99,0.6549557845003493,0.999995723592372,0,0,0.8973454184828986,0.3797454093354953,OR10J1;OR8J1
GO_Biological_Process_2021,cognition (GO:0050890),1/48,0.6641783106579073,0.999995723592372,0,0,0.92629179331307,0.3790428863018313,TMPRSS11E
GO_Biological_Process_2021,negative regulation of catabolic process (GO:0009895),1/49,0.6717356148597702,0.999995723592372,0,0,0.9069475446428572,0.3608657631645941,APOA2
GO_Biological_Process_2021,oligosaccharide metabolic process (GO:0009311),1/49,0.6717356148597702,0.999995723592372,0,0,0.9069475446428572,0.3608657631645941,AMY1C
GO_Biological_Process_2021,response to glucose (GO:0009749),1/49,0.6717356148597702,0.999995723592372,0,0,0.9069475446428572,0.3608657631645941,APOA2
GO_Biological_Process_2021,mitotic cytokinesis (GO:0000281),1/49,0.6717356148597702,0.999995723592372,0,0,0.9069475446428572,0.3608657631645941,KIF4A
GO_Biological_Process_2021,secondary alcohol metabolic process (GO:1902652),1/49,0.6717356148597702,0.999995723592372,0,0,0.9069475446428572,0.3608657631645941,APOA2
GO_Biological_Process_2021,iron ion transport (GO:0006826),1/50,0.6791232194907921,0.999995723592372,0,0,0.8883928571428571,0.343766011074968,ATP6V1G3
GO_Biological_Process_2021,regulation of complement activation (GO:0030449),1/50,0.6791232194907921,0.999995723592372,0,0,0.8883928571428571,0.343766011074968,CFHR2
GO_Biological_Process_2021,cholesterol transport (GO:0030301),1/51,0.6863449267608815,0.999995723592372,0,0,0.8705803571428572,0.3276646548731943,APOA2
GO_Biological_Process_2021,sensory perception (GO:0007600),1/51,0.6863449267608815,0.999995723592372,0,0,0.8705803571428572,0.3276646548731943,OR10J1
GO_Biological_Process_2021,positive regulation of phagocytosis (GO:0050766),1/53,0.7003054353527158,0.999995723592372,0,0,0.8370106456043956,0.2981755866931659,APOA2
GO_Biological_Process_2021,regulation of immune effector process (GO:0002697),1/53,0.7003054353527158,0.999995723592372,0,0,0.8370106456043956,0.2981755866931659,CFHR2
GO_Biological_Process_2021,regulation of proteolysis (GO:0030162),1/54,0.707051423790737,0.999995723592372,0,0,0.8211758760107817,0.2846621616604966,TM4SF20
GO_Biological_Process_2021,regulation of humoral immune response (GO:0002920),1/54,0.707051423790737,0.999995723592372,0,0,0.8211758760107817,0.2846621616604966,CFHR2
GO_Biological_Process_2021,unsaturated fatty acid metabolic process (GO:0033559),1/54,0.707051423790737,0.999995723592372,0,0,0.8211758760107817,0.2846621616604966,AWAT1
GO_Biological_Process_2021,inorganic anion transport (GO:0015698),1/54,0.707051423790737,0.999995723592372,0,0,0.8211758760107817,0.2846621616604966,SLC17A3
GO_Biological_Process_2021,pyruvate metabolic process (GO:0006090),1/55,0.7136458927290402,0.999995723592372,0,0,0.8059275793650794,0.2718944884760563,PDHA2
GO_Biological_Process_2021,chemokine-mediated signaling pathway (GO:0070098),1/56,0.7200922380287631,0.999995723592372,0,0,0.7912337662337663,0.2598221529549284,CCL20
GO_Biological_Process_2021,arachidonic acid metabolic process (GO:0019369),1/57,0.7263937794213728,0.999995723592372,0,0,0.7770647321428571,0.2483988553628853,AWAT1
GO_Biological_Process_2021,carboxylic acid transport (GO:0046942),1/57,0.7263937794213728,0.999995723592372,0,0,0.7770647321428571,0.2483988553628853,SLC17A3
GO_Biological_Process_2021,icosanoid metabolic process (GO:0006690),1/57,0.7263937794213728,0.999995723592372,0,0,0.7770647321428571,0.2483988553628853,AWAT1
GO_Biological_Process_2021,negative regulation of hydrolase activity (GO:0051346),1/58,0.7325537626493028,0.999995723592372,0,0,0.7633928571428571,0.2375820140160642,APOA2
GO_Biological_Process_2021,regulation of phagocytosis (GO:0050764),1/58,0.7325537626493028,0.999995723592372,0,0,0.7633928571428571,0.2375820140160642,APOA2
GO_Biological_Process_2021,ion transport (GO:0006811),2/116,0.7378165742650379,0.999995723592372,0,0,0.7628635346756152,0.2319563089573041,CNGB3;SLC17A3
GO_Biological_Process_2021,phospholipid transport (GO:0015914),1/59,0.7385753607404106,0.999995723592372,0,0,0.7501924261083743,0.227332413691682,APOA2
GO_Biological_Process_2021,adenylate cyclase-inhibiting G protein-coupled receptor signaling pathway (GO:0007193),1/60,0.7444616756204038,0.999995723592372,0,0,0.7374394673123487,0.2176138920007413,GNAT3
GO_Biological_Process_2021,cellular response to chemokine (GO:1990869),1/60,0.7444616756204038,0.999995723592372,0,0,0.7374394673123487,0.2176138920007413,CCL20
GO_Biological_Process_2021,O-glycan processing (GO:0016266),1/61,0.7502157400902765,0.999995723592372,0,0,0.7251116071428572,0.208393059037335,MUC15
GO_Biological_Process_2021,positive regulation of interleukin-8 production (GO:0032757),1/61,0.7502157400902765,0.999995723592372,0,0,0.7251116071428572,0.208393059037335,APOA2
GO_Biological_Process_2021,organonitrogen compound catabolic process (GO:1901565),1/63,0.7613389107587669,0.999995723592372,0,0,0.701648905529954,0.19132328779589,ALLC
GO_Biological_Process_2021,diterpenoid metabolic process (GO:0016101),1/64,0.7667137491872965,0.999995723592372,0,0,0.6904761904761905,0.1834193074624097,APOA2
GO_Biological_Process_2021,cellular response to type I interferon (GO:0071357),1/65,0.7719678044497259,0.999995723592372,0,0,0.6796526227678571,0.1759025495102779,IFNA6
GO_Biological_Process_2021,type I interferon signaling pathway (GO:0060337),1/65,0.7719678044497259,0.999995723592372,0,0,0.6796526227678571,0.1759025495102779,IFNA6
GO_Biological_Process_2021,positive regulation of catabolic process (GO:0009896),1/67,0.7821243381796227,0.999995723592372,0,0,0.658989448051948,0.1619410889556502,APOA2
GO_Biological_Process_2021,cell chemotaxis (GO:0060326),1/69,0.7918294594613474,0.999995723592372,0,0,0.6395417542016807,0.1492749543598442,CCL20
GO_Biological_Process_2021,sterol metabolic process (GO:0016125),1/70,0.7965190318948331,0.999995723592372,0,0,0.6302406832298136,0.1433824374308989,APOA2
GO_Biological_Process_2021,neutrophil chemotaxis (GO:0030593),1/70,0.7965190318948331,0.999995723592372,0,0,0.6302406832298136,0.1433824374308989,CCL20
GO_Biological_Process_2021,cholesterol homeostasis (GO:0042632),1/71,0.8011031887170881,0.999995723592372,0,0,0.6212053571428572,0.1377619261623013,APOA2
GO_Biological_Process_2021,sterol homeostasis (GO:0055092),1/72,0.8055842942906454,0.999995723592372,0,0,0.6124245472837022,0.1323984910497645,APOA2
GO_Biological_Process_2021,negative regulation of epithelial cell proliferation (GO:0050680),1/72,0.8055842942906454,0.999995723592372,0,0,0.6124245472837022,0.1323984910497645,APOH
GO_Biological_Process_2021,granulocyte chemotaxis (GO:0071621),1/73,0.8099646602465297,0.999995723592372,0,0,0.6038876488095238,0.1272781759413573,CCL20
GO_Biological_Process_2021,insulin receptor signaling pathway (GO:0008286),1/73,0.8099646602465297,0.999995723592372,0,0,0.6038876488095238,0.1272781759413573,ATP6V1G3
GO_Biological_Process_2021,regulation of peptide hormone secretion (GO:0090276),1/74,0.8142465462708772,0.999995723592372,0,0,0.5955846379647749,0.1223879239526689,HTR2C
GO_Biological_Process_2021,negative regulation of protein binding (GO:0032091),1/74,0.8142465462708772,0.999995723592372,0,0,0.5955846379647749,0.1223879239526689,CFHR2
GO_Biological_Process_2021,cellular response to amino acid starvation (GO:0034198),1/74,0.8142465462708772,0.999995723592372,0,0,0.5955846379647749,0.1223879239526689,ATP6V1G3
GO_Biological_Process_2021,response to amino acid starvation (GO:1990928),1/75,0.8184321616719992,0.999995723592372,0,0,0.5875060328185329,0.1177155093099112,ATP6V1G3
GO_Biological_Process_2021,phospholipid metabolic process (GO:0006644),1/76,0.8225236661648837,0.999995723592372,0,0,0.5796428571428571,0.1132494756507452,APOA2
GO_Biological_Process_2021,cholesterol metabolic process (GO:0008203),1/77,0.8265231710552513,0.999995723592372,0,0,0.5719866071428571,0.1089790793155432,APOA2
GO_Biological_Process_2021,neutrophil migration (GO:1990266),1/77,0.8265231710552513,0.999995723592372,0,0,0.5719866071428571,0.1089790793155432,CCL20
GO_Biological_Process_2021,phosphatidylcholine metabolic process (GO:0046470),1/77,0.8265231710552513,0.999995723592372,0,0,0.5719866071428571,0.1089790793155432,APOA2
GO_Biological_Process_2021,negative regulation of blood vessel morphogenesis (GO:2000181),1/78,0.8304327405801821,0.999995723592372,0,0,0.5645292207792207,0.1048942373192875,APOH
GO_Biological_Process_2021,monocarboxylic acid metabolic process (GO:0032787),2/143,0.8343936985977735,0.999995723592372,0,0,0.6159265076871817,0.1115134494636564,PDHA2;UGT1A9
GO_Biological_Process_2021,negative regulation of cellular component organization (GO:0051129),1/80,0.837990100007334,0.999995723592372,0,0,0.5501808318264014,0.0972439076650734,APOA2
GO_Biological_Process_2021,response to interferon-gamma (GO:0034341),1/80,0.837990100007334,0.999995723592372,0,0,0.5501808318264014,0.0972439076650734,CCL20
GO_Biological_Process_2021,regulation of interleukin-8 production (GO:0032677),1/81,0.8416417911813637,0.999995723592372,0,0,0.5432756696428571,0.0936611499672458,APOA2
GO_Biological_Process_2021,phospholipase C-activating G protein-coupled receptor signaling pathway (GO:0007200),1/81,0.8416417911813637,0.999995723592372,0,0,0.5432756696428571,0.0936611499672458,HTR2C
GO_Biological_Process_2021,epidermis development (GO:0008544),1/83,0.8487006245545379,0.999995723592372,0,0,0.5299706010452961,0.0869410284764216,KRT32
GO_Biological_Process_2021,long-chain fatty acid metabolic process (GO:0001676),1/83,0.8487006245545379,0.999995723592372,0,0,0.5299706010452961,0.0869410284764216,AWAT1
GO_Biological_Process_2021,"retrograde vesicle-mediated transport, Golgi to endoplasmic reticulum (GO:0006890)",1/85,0.8554454749575754,0.999995723592372,0,0,0.5172991071428571,0.0807674213472882,KIF4A
GO_Biological_Process_2021,response to interleukin-1 (GO:0070555),1/86,0.8587045360714017,0.999995723592372,0,0,0.5111869747899159,0.0778693055231522,CCL20
GO_Biological_Process_2021,negative regulation of angiogenesis (GO:0016525),1/87,0.8618902787351468,0.999995723592372,0,0,0.5052169850498339,0.0750890380542983,APOH
GO_Biological_Process_2021,negative regulation of binding (GO:0051100),1/88,0.8650043488298429,0.999995723592372,0,0,0.4993842364532019,0.072421073768971,CFHR2
GO_Biological_Process_2021,regulation of endothelial cell migration (GO:0010594),1/89,0.8680483551753333,0.999995723592372,0,0,0.4936840503246753,0.069860172068661,APOH
GO_Biological_Process_2021,sodium ion transport (GO:0006814),1/90,0.8710238707488257,0.999995723592372,0,0,0.4881119582664526,0.0674013772832879,SLC17A3
GO_Biological_Process_2021,positive regulation of transport (GO:0051050),1/91,0.8739324333280408,0.999995723592372,0,0,0.4826636904761904,0.0650400007739125,APOA2
GO_Biological_Process_2021,T cell activation (GO:0042110),1/92,0.8767755461064007,0.999995723592372,0,0,0.4773351648351648,0.0627716043351263,IFNA6
GO_Biological_Process_2021,regulation of endothelial cell proliferation (GO:0001936),1/92,0.8767755461064007,0.999995723592372,0,0,0.4773351648351648,0.0627716043351263,APOH
GO_Biological_Process_2021,positive regulation of peptidyl-serine phosphorylation (GO:0033138),1/93,0.8795546785635122,0.999995723592372,0,0,0.4721224767080745,0.0605919846390233,IFNA6
GO_Biological_Process_2021,negative regulation of cellular protein metabolic process (GO:0032269),1/94,0.8822712674295864,0.999995723592372,0,0,0.4670218894009216,0.0584971587245154,TM4SF20
GO_Biological_Process_2021,calcium ion homeostasis (GO:0055074),1/97,0.8900596601800442,0.999995723592372,0,0,0.4523577008928571,0.0526846469086295,HTR2C
GO_Biological_Process_2021,antigen processing and presentation of exogenous peptide antigen via MHC class II (GO:0019886),1/98,0.8925398079344758,0.999995723592372,0,0,0.4476712076583211,0.050893126808339,KIF4A
GO_Biological_Process_2021,antigen processing and presentation of peptide antigen via MHC class II (GO:0002495),1/100,0.8973338701788899,0.999995723592372,0,0,0.4385822510822511,0.0475104217099402,KIF4A
GO_Biological_Process_2021,positive regulation of ERK1 and ERK2 cascade (GO:0070374),2/172,0.901327629713076,0.999995723592372,0,0,0.5100934333464929,0.0529918002885908,CCL20;HTR2C
GO_Biological_Process_2021,protein O-linked glycosylation (GO:0006493),1/102,0.901914508074419,0.999995723592372,0,0,0.4298532531824611,0.0443761343536949,MUC15
GO_Biological_Process_2021,calcium-mediated signaling (GO:0019722),1/102,0.901914508074419,0.999995723592372,0,0,0.4298532531824611,0.0443761343536949,CCL20
GO_Biological_Process_2021,antigen processing and presentation of exogenous peptide antigen (GO:0002478),1/103,0.904127772400812,0.999995723592372,0,0,0.4256171218487395,0.0428956460271111,KIF4A
GO_Biological_Process_2021,cation transport (GO:0006812),2/174,0.9048618939870184,0.999995723592372,0,0,0.5041100879246657,0.0503973727439151,CNGB3;SLC17A3
GO_Biological_Process_2021,steroid metabolic process (GO:0008202),1/104,0.9062912026724776,0.999995723592372,0,0,0.4214632454923717,0.0414697111759589,UGT2B4
GO_Biological_Process_2021,cellular metal ion homeostasis (GO:0006875),1/104,0.9062912026724776,0.999995723592372,0,0,0.4214632454923717,0.0414697111759589,HTR2C
GO_Biological_Process_2021,positive regulation of cellular metabolic process (GO:0031325),1/105,0.9084059186599912,0.999995723592372,0,0,0.4173892513736263,0.0400960615494596,APOA2
GO_Biological_Process_2021,anterograde trans-synaptic signaling (GO:0098916),3/244,0.9140082828787957,0.999995723592372,0,0,0.5389539102766872,0.0484603886501926,SST;HTR2C;OR5T2
GO_Biological_Process_2021,response to tumor necrosis factor (GO:0034612),1/110,0.918286243558008,0.999995723592372,0,0,0.3981405635648755,0.0339399401736787,CCL20
GO_Biological_Process_2021,cellular divalent inorganic cation homeostasis (GO:0072503),1/111,0.9201308183079449,0.999995723592372,0,0,0.3945008116883117,0.0328380208195378,HTR2C
GO_Biological_Process_2021,cellular response to lectin (GO:1990858),1/115,0.9271028587730265,0.999995723592372,0,0,0.3805803571428571,0.0288064167811214,MUC15
GO_Biological_Process_2021,stimulatory C-type lectin receptor signaling pathway (GO:0002223),1/115,0.9271028587730265,0.999995723592372,0,0,0.3805803571428571,0.0288064167811214,MUC15
GO_Biological_Process_2021,regulation of protein binding (GO:0043393),1/118,0.9319303176900368,0.999995723592372,0,0,0.370764652014652,0.0261378822535541,CFHR2
GO_Biological_Process_2021,innate immune response activating cell surface receptor signaling pathway (GO:0002220),1/119,0.9334675055448368,0.999995723592372,0,0,0.3676036622276029,0.0253091908139036,MUC15
GO_Biological_Process_2021,cellular response to interferon-gamma (GO:0071346),1/121,0.936438742424956,0.999995723592372,0,0,0.3614397321428571,0.0237361702470921,CCL20
GO_Biological_Process_2021,platelet degranulation (GO:0002576),1/125,0.9419898646249312,0.999995723592372,0,0,0.3497083813364055,0.0208988400057112,APOH
GO_Biological_Process_2021,microtubule cytoskeleton organization involved in mitosis (GO:1902850),1/128,0.9458333191666458,0.999995723592372,0,0,0.3413948256467941,0.0190119094201466,KIF4A
GO_Biological_Process_2021,cellular response to insulin stimulus (GO:0032869),1/129,0.9470571459556408,0.999995723592372,0,0,0.3387102399553571,0.0184244291768725,ATP6V1G3
GO_Biological_Process_2021,regulation of cell motility (GO:2000145),1/133,0.951682672254453,0.999995723592372,0,0,0.3283786525974026,0.0162625019784132,SST
GO_Biological_Process_2021,organic substance transport (GO:0071702),1/136,0.9548851632018716,0.999995723592372,0,0,0.321031746031746,0.0148201717037829,SLC17A3
GO_Biological_Process_2021,cellular calcium ion homeostasis (GO:0006874),1/136,0.9548851632018716,0.999995723592372,0,0,0.321031746031746,0.0148201717037829,HTR2C
GO_Biological_Process_2021,positive regulation of response to external stimulus (GO:0032103),1/139,0.9578758221128296,0.999995723592372,0,0,0.3140042701863354,0.0135138430438935,APOH
GO_Biological_Process_2021,positive regulation of cytosolic calcium ion concentration (GO:0007204),1/147,0.9649187331134708,0.999995723592372,0,0,0.296676247553816,0.0105947228354561,HTR2C
GO_Biological_Process_2021,positive regulation of hydrolase activity (GO:0051345),1/149,0.9664875387646892,0.999995723592372,0,0,0.292636944980695,0.0099750785463186,CCL20
GO_Biological_Process_2021,brain development (GO:0007420),1/150,0.9672454890464612,0.999995723592372,0,0,0.290657957813998,0.0096797671750996,VCX3B
GO_Biological_Process_2021,chemical synaptic transmission (GO:0007268),3/306,0.9695332828867056,0.999995723592372,0,0,0.4272965413133242,0.0132207579278141,SST;HTR2C;OR5T2
GO_Biological_Process_2021,cellular response to interleukin-1 (GO:0071347),1/155,0.9707862184853636,0.999995723592372,0,0,0.281148538961039,0.0083357733885541,CCL20
GO_Biological_Process_2021,regulation of ERK1 and ERK2 cascade (GO:0070372),2/238,0.9715527938819598,0.999995723592372,0,0,0.3661889053198346,0.0105680905967102,CCL20;HTR2C
GO_Biological_Process_2021,mitotic spindle organization (GO:0007052),1/157,0.9720931361866488,0.999995723592372,0,0,0.2775154532967033,0.0078547030320778,KIF4A
GO_Biological_Process_2021,cellular response to starvation (GO:0009267),1/158,0.972724549509102,0.999995723592372,0,0,0.2757336214740673,0.007625228809743,ATP6V1G3
GO_Biological_Process_2021,organonitrogen compound biosynthetic process (GO:1901566),1/158,0.972724549509102,0.999995723592372,0,0,0.2757336214740673,0.007625228809743,APOA2
GO_Biological_Process_2021,adenylate cyclase-modulating G protein-coupled receptor signaling pathway (GO:0007188),1/165,0.9767627521957516,0.999995723592372,0,0,0.2638692290940767,0.0062039585803077,GNAT3
GO_Biological_Process_2021,glycerophospholipid biosynthetic process (GO:0046474),1/177,0.9823462257642922,0.999995723592372,0,0,0.2457259537337662,0.0043767381691762,APOA2
GO_Biological_Process_2021,protein stabilization (GO:0050821),1/179,0.9831368101338768,0.999995723592372,0,0,0.2429399077046549,0.0041316771618071,APOA2
GO_Biological_Process_2021,regulated exocytosis (GO:0045055),1/180,0.98351875166434,0.999995723592372,0,0,0.2415702314445331,0.0040145530276755,APOH
GO_Biological_Process_2021,negative regulation of cytokine production (GO:0001818),1/182,0.984256929369288,0.999995723592372,0,0,0.2388762825572218,0.003790562647619,APOA2
GO_Biological_Process_2021,positive regulation of MAPK cascade (GO:0043410),2/274,0.9859560096360468,0.999995723592372,0,0,0.3171305434925648,0.0044853486375851,CCL20;HTR2C
GO_Biological_Process_2021,regulation of GTPase activity (GO:0043087),1/189,0.9865901960463804,0.999995723592372,0,0,0.2298988411854103,0.0031037555914966,CCL20
GO_Biological_Process_2021,cellular response to tumor necrosis factor (GO:0071356),1/194,0.9880423338936768,0.999995723592372,0,0,0.2238850851221317,0.0026932780388776,CCL20
GO_Biological_Process_2021,regulation of angiogenesis (GO:0045765),1/203,0.9902720565101084,0.999995723592372,0,0,0.2138105551626591,0.0020901198455455,APOH
GO_Biological_Process_2021,positive regulation of GTPase activity (GO:0043547),1/214,0.9924415912610366,0.999995723592372,0,0,0.2026534205231388,0.0015375554687924,CCL20
GO_Biological_Process_2021,negative regulation of multicellular organismal process (GO:0051241),1/214,0.9924415912610366,0.999995723592372,0,0,0.2026534205231388,0.0015375554687924,APOA2
GO_Biological_Process_2021,inflammatory response (GO:0006954),1/230,0.9947647745045768,0.999995723592372,0,0,0.1883382719900187,0.0009885833153948078,CCL20
GO_Biological_Process_2021,cellular component assembly (GO:0022607),1/261,0.9974316732225544,0.999995723592372,0,0,0.1656164148351648,0.0004259042380525253,TEX11
GO_Biological_Process_2021,central nervous system development (GO:0007417),1/268,0.9978133764503728,0.999995723592372,0,0,0.1612158908507223,0.00035290443885313826,VCX3B
GO_Biological_Process_2021,proteolysis (GO:0006508),1/287,0.9985872300082188,0.999995723592372,0,0,0.150357455044955,0.0002125706926570999,TMPRSS11E
GO_Biological_Process_2021,regulation of cell cycle (GO:0051726),1/296,0.998851298123256,0.999995723592372,0,0,0.1457021791767554,0.0001674645685230186,ESX1
GO_Biological_Process_2021,cilium assembly (GO:0060271),1/314,0.9992405127871616,0.999995723592372,0,0,0.1371947740757645,0.0001042372650261425,ARL13A
GO_Biological_Process_2021,regulation of nucleic acid-templated transcription (GO:1903506),2/430,0.9994235795310124,0.999995723592372,0,0,0.1999100963850383,0.00011526549540150132,ZNF716;ZNF723
GO_Biological_Process_2021,cellular protein localization (GO:0034613),1/329,0.9994618645269304,0.999995723592372,0,0,0.1308185431184669,7.041704724265437e-05,SEPTIN14
GO_Biological_Process_2021,positive regulation of cytokine production (GO:0001819),1/335,0.999531089998386,0.999995723592372,0,0,0.1284284110350727,6.0235490041573545e-05,APOA2
GO_Biological_Process_2021,post-translational protein modification (GO:0043687),1/345,0.9996271701848444,0.999995723592372,0,0,0.1246301391196013,4.647449580804616e-05,APOA2
GO_Biological_Process_2021,regulation of cellular macromolecule biosynthetic process (GO:2000112),2/468,0.99974004414717,0.999995723592372,0,0,0.1832435598313986,4.764142847400633e-05,ZNF716;ZNF723
GO_Biological_Process_2021,protein transport (GO:0015031),1/369,0.9997845987861592,0.999995723592372,0,0,0.1163565120341614,2.506603365440325e-05,ATP6V1G3
GO_Biological_Process_2021,cellular response to cytokine stimulus (GO:0071345),2/482,0.9998061243300904,0.999995723592372,0,0,0.1777684563758389,3.446831996092602e-05,IFNA6;CCL20
GO_Biological_Process_2021,negative regulation of cell population proliferation (GO:0008285),1/379,0.9998284323237012,0.999995723592372,0,0,0.113219246031746,1.9426429475317102e-05,SST
GO_Biological_Process_2021,transmembrane receptor protein tyrosine kinase signaling pathway (GO:0007169),1/404,0.999902407212634,0.999995723592372,0,0,0.1060572492024105,1.0350927666177672e-05,ATP6V1G3
GO_Biological_Process_2021,regulation of cell migration (GO:0030334),1/408,0.999910755142713,0.999995723592372,0,0,0.1049929799929799,9.370501656372316e-06,SST
GO_Biological_Process_2021,cellular protein metabolic process (GO:0044267),1/417,0.9999269359465468,0.999995723592372,0,0,0.1026732057005494,7.501994655911482e-06,APOA2
GO_Biological_Process_2021,organelle organization (GO:0006996),1/420,0.999931621734956,0.999995723592372,0,0,0.1019220934197067,6.969494201359495e-06,KIF4A
GO_Biological_Process_2021,negative regulation of nucleic acid-templated transcription (GO:1903507),1/464,0.9999731956636256,0.999995723592372,0,0,0.0920240666460968,2.4666770958776634e-06,ESX1
GO_Biological_Process_2021,negative regulation of apoptotic process (GO:0043066),1/485,0.999982202343674,0.999995723592372,0,0,0.0879344377213695,1.5650408288587914e-06,APOH
GO_Biological_Process_2021,cytokine-mediated signaling pathway (GO:0019221),2/621,0.9999868394452772,0.999995723592372,0,0,0.13684480633771,1.800965413213564e-06,IFNA6;CCL20
GO_Biological_Process_2021,positive regulation of nucleic acid-templated transcription (GO:1903508),1/511,0.9999886720530032,0.999995723592372,0,0,0.0833377100840336,9.440505097600506e-07,RFPL4AL1
GO_Biological_Process_2021,negative regulation of cellular macromolecule biosynthetic process (GO:2000113),1/547,0.999993048239094,0.999995723592372,0,0,0.0776957417582417,5.40124097529511e-07,ESX1
GO_Biological_Process_2021,negative regulation of transcription by RNA polymerase II (GO:0000122),2/684,0.999993793035428,0.999995723592372,0,0,0.1237904045871138,7.683650402475852e-07,ESX1;SSX1
GO_Biological_Process_2021,negative regulation of cellular process (GO:0048523),1/566,0.9999942205635488,0.999995723592372,0,0,0.0750079013906447,4.335046521320123e-07,SST
GO_Biological_Process_2021,"regulation of transcription, DNA-templated (GO:0006355)",5/2244,0.9999945480084532,0.999995723592372,0,0,0.0870723336109669,4.7471892088824126e-07,ZNF716;TGIF2LX;ESX1;ZNF723;RFPL4AL1
GO_Biological_Process_2021,regulation of transcription by RNA polymerase II (GO:0006357),3/2206,0.9999945717087504,0.999995723592372,0,0,0.0529689436947985,2.875316339688481e-07,TGIF2LX;ESX1;SSX1
GO_Biological_Process_2021,"positive regulation of transcription, DNA-templated (GO:0045893)",1/1183,0.999995430706864,0.999995723592372,0,0,0.0346888596809282,1.5850393056042038e-07,RFPL4AL1
GO_Biological_Process_2021,regulation of gene expression (GO:0010468),3/1079,0.999995550868725,0.999995723592372,0,0,0.1154937736509577,5.13848103502481e-07,ZNF716;ZNF723;RAG2
GO_Biological_Process_2021,regulation of cell population proliferation (GO:0042127),2/764,0.9999956125904846,0.999995723592372,0,0,0.1103242967112332,4.840389310056189e-07,SST;GKN2
GO_Biological_Process_2021,cellular protein modification process (GO:0006464),1/1025,0.9999956239609666,0.999995723592372,0,0,0.0403856549944196,1.7672958933147362e-07,APOA2
GO_Biological_Process_2021,"negative regulation of transcription, DNA-templated (GO:0045892)",2/948,0.9999957219821292,0.999995723592372,0,0,0.0879956108612265,3.7644760103540957e-07,ESX1;SSX1
GO_Biological_Process_2021,positive regulation of cellular process (GO:0048522),1/625,0.999995723592372,0.999995723592372,0,0,0.0677047561813186,2.895337548615994e-07,APOA2
