sample_id,Alkaliptosis,Anoikis,Apoptosis,Autophagy,Cuproptosis,Disulfidptosis,Entosis,Ferroptosis,Lysosome_dependent_cell_death,Necroptosis,NETosis,Oxeiptosis,Parthanatos,Pyroptosis,adjusted_two_block_K4,geo_accession,title,subgroup
AB_1,-1.2881191276439503,0.5272744130265752,-0.5536578864170846,-0.37354395172887805,0.8514124189453268,-0.7177191679293525,-0.9630663084860078,0.3942441715530991,-0.27763759323402804,-0.5560133584153717,0.20772116496149307,-0.9553136397543975,1.480402036413983,-0.6554675308712457,C1,GSM8059487,"AB_1, Colorectal",Colorectal
AB_2,0.552256953531715,1.8748448741705603,0.8881112796818452,-1.4660788910717466,-1.6669197532451923,1.3066082979033768,2.0135500392742562,-0.12350438483858768,-0.22990467505212903,0.8611402406558475,-0.9289439075259212,-1.504098742154124,-1.1848547757410939,0.06836242414987168,C2,GSM8059488,"AB_2, Colorectal",Colorectal
AB_3,1.3585374395652872,-2.2612457813003,-1.1276629470017847,-0.43302949442586325,-0.35986883776944195,1.1224808319846322,0.35916103506003827,1.6004330874339963,-0.15948757242411926,1.9470925793771139,0.12017423486937112,1.67988345586297,-1.118704068220713,1.5779950893255905,C3,GSM8059489,"AB_3, Pancreas",Pancreas
AB_4,0.1793122445830998,-0.7892269328807995,0.5613379053921207,-0.5059214231618507,0.5876540352539819,-1.495397849192698,-0.28611035056273865,0.9833984977908722,0.1968175247489546,0.7185516963711694,-0.15796331159305488,-0.4793125892023408,0.5098639324226204,-0.29310378654630503,C1,GSM8059490,"AB_4, Pancreas",Pancreas
AB_5,-1.2896468066914226,0.34106243554379034,-1.2711156118490314,-0.21772471767495175,0.4062240596201982,-0.38607513363924073,-0.6994055341283918,-0.352668025034635,-0.18403308125827098,-0.9104821961588331,-0.6305364710824006,0.4647914039485034,0.23202317890360927,-0.23252776562309455,C2,GSM8059491,"AB_5, Pancreas",Pancreas
AB_6,1.622921995560759,-1.268484050080746,0.9791291434972075,-1.5610864736281092,-0.2592794406380344,1.523803847402079,1.0356950570649792,2.7515331880294926,2.3418028707982996,1.5692410152584095,0.8112481447297182,1.1174285249625169,-0.6196612163941126,2.390162095465024,C3,GSM8059492,"AB_6, Pancreas",Pancreas
AB_7,-0.6542337234980448,-0.7009617394636437,-0.5838428803462408,-1.2313364216649836,1.2098669810616438,0.5911448756534861,-0.061479077393570815,-0.2180325021443422,-0.6251865543256951,-0.1568495733253378,-0.17155867539880537,0.46166176490424,0.07936691444965024,1.0715527231795225,C2,GSM8059493,"AB_7, Pancreas",Pancreas
AB_8,0.207915418505091,-0.4558177147126288,0.5197409135610926,0.5431803887992848,-0.4174182161803548,0.28238973631695596,-0.12959760248280217,0.1300825956182824,-0.2348784533368416,2.3009750234413286,1.4747299804621488,-0.4491679066570579,0.28510565551342204,0.31085325697976446,C4,GSM8059494,"AB_8, Colorectal",Colorectal
AB_9,-0.7150368471830567,0.8510907014202415,-0.6772968864579162,0.6593757557708438,-0.2427604064001142,0.7516594456622842,0.9912404635756117,-0.16342943440844407,-0.7168504390323065,0.20259154400625462,0.12413565398017058,0.7281616141446808,-0.0814025173314266,-0.8177011872414457,C3,GSM8059495,"AB_9, Pancreas",Pancreas
AB_10,0.8157404022297271,0.22935868670721826,0.9000356771577662,0.2960107037728358,0.5621414177869155,-0.44919490005419255,-0.9469979145112469,-1.2972783872467804,-1.042519940316537,0.9918036668411669,0.259596139572516,0.4695246378671254,0.4356071603395649,0.15450905384761698,C1,GSM8059496,"AB_10, Colorectal",Colorectal
AB_11,3.1664580484421974,3.1239897093806896,3.1412376900564003,-4.786611043345529,-5.06670978690125,2.2250201143529083,2.365181121752819,1.528102293678388,3.823059556850437,4.744482118741174,2.208590771233738,-1.454580501535756,-3.09841062295916,3.8873551934008717,C2,GSM8059497,"AB_11, Colorectal",Colorectal
AB_12,-0.5417153604604596,-0.4865754447673254,-0.7179581110915866,-0.2832113771043817,0.7636885821660973,-0.9052168554929083,-1.0292960764263561,1.356443788702096,-0.22168797989354147,-0.7935800305361933,-0.4683522530672729,-0.7500951102389037,0.4665919254741098,-0.7824696715421157,C1,GSM8059498,"AB_12, Colorectal",Colorectal
AB_13,0.8385556883288772,-0.4451664210987479,-0.040639886947645275,1.425246779780256,-1.247575068787915,-0.5546061521209265,-0.10583405415494251,0.25799138855246595,0.765737053066266,0.8395914351403587,-0.5590728830510157,1.1933117775812054,-0.29387816694704666,-0.3432874659611646,C3,GSM8059499,"AB_13, Pancreas",Pancreas
AB_14,0.18847403189509665,0.27232457856454295,0.27622274020945115,-0.7993041821386793,-0.603721371559047,0.6065185237939094,0.3442244766457723,-0.4986396626440326,-0.6316678763784169,-0.7499247037839631,-0.1266684668765973,-1.2147900449141271,0.11857305484984278,-0.7802177173067902,C1,GSM8059500,"AB_14, Colorectal",Colorectal
AB_15,-1.3620463270039183,-0.805347776588853,0.8090541818642849,0.30427332120182304,0.6002674759394606,-0.2805072110091748,-0.47071062168643063,-1.249274613584102,-0.5515893176690325,0.5727544892745285,1.349209992155885,-0.23007576060596147,0.9424506713917696,-0.2681287181515337,C4,GSM8059501,"AB_15, Colorectal",Colorectal
AB_16,1.7291759481232893,-0.4901855827071103,-2.1105076056188214,0.40571971374349897,-2.5874981417966456,2.253169480331492,2.2215475447584994,2.120577275429682,0.6967102806534683,0.3478125239444156,-1.6834123355681117,0.8828873931383037,-4.165265647054295,2.712437764150668,C4,GSM8059502,"AB_16, Pancreas",Pancreas
AB_17,-0.4244892800576148,0.6126378791271805,0.873747496148776,0.7400900260055491,0.2446662767091396,0.49651005626578104,-1.2403887376205878,-1.7322022938044794,0.949200916935755,1.102380185732366,-0.21050320204256778,2.342905742758908,0.8310047550169376,0.5570792216515623,C4,GSM8059503,"AB_17, Pancreas",Pancreas
AB_18,0.6675102997134126,-0.809369630278336,0.7533954053940501,-0.31227722300465466,-0.17180754441373508,-0.08126079715417837,0.9823734712639314,0.8466886849749529,0.5546867790491204,2.3204759971985323,3.139466670647343,0.99485775381204,-0.9297482984929359,2.8073841608415906,C4,GSM8059504,"AB_18, Colorectal",Colorectal
AB_19,2.404802299644759,0.4910003090268949,-0.750253971160455,0.18557333290980427,-1.342424851632242,1.1533730125473578,0.1368023894117162,0.8642473514625343,0.254567930454011,0.36193424643917355,-1.133971929752686,1.1396476279213705,-0.9787232248582597,0.9455997445898882,C3,GSM8059505,"AB_19, Pancreas",Pancreas
AB_20,-0.8393985720914707,-0.7080096205760512,0.193954645046027,0.4144968904319692,0.4365087119999909,-0.4408979581777909,-0.33549974240833075,-1.396293889128101,-1.3371446808022998,-0.6491207669809215,0.2116378706190077,-1.1681050723699338,0.13802297194331872,-0.7494909066681995,C1,GSM8059506,"AB_20, Pancreas",Pancreas
AB_21,0.4953376619090476,0.9381270064371391,-1.116170454719466,0.7400029321731955,0.06292810014808775,-0.8094117378852828,-1.154288397571767,-1.465099343166562,0.2733953999328863,0.3856504499216191,-0.4445021012305967,-0.31252799486234145,0.7170751366445117,-0.8109720299970923,C3,GSM8059507,"AB_21, Pancreas",Pancreas
AB_22,1.3696033218382706,1.188217960181983,1.753870812442062,-1.527393377921964,-0.7973962212556762,1.3438047345587303,2.3179160939588788,0.36915544185876187,2.546712432271891,0.5178439762017831,1.794199692943841,-0.9762178539513581,-0.5544263225257765,1.1866269242460485,C1,GSM8059508,"AB_22, Colorectal",Colorectal
AB_23,-1.064835976296478,-0.7102091025189149,-2.2130529188362953,2.071727915789241,-1.0340423739440538,-1.1173922526601205,0.6104664919320286,-2.242814678429906,-0.5816122335682596,-1.493179142087843,-1.478257849267953,-0.5192978551487486,-0.8503736682419504,-0.03727877314774958,C4,GSM8059509,"AB_23, Pancreas",Pancreas
AB_24,-0.8421125165974123,0.643820535103833,-1.5266188566988848,0.3938367866089029,-0.5066749295186475,0.5672180089681848,1.7711236343205539,-1.3518251449252057,-1.4043886587442878,-1.1502745816921138,-1.1860728650630927,-0.8878972694258105,-1.0195929085086268,0.30405384255461504,C4,GSM8059510,"AB_24, Pancreas",Pancreas
AB_25,-0.38742889796652524,-0.08674133156704811,0.4597034841197198,0.7043493950521407,0.6272919991512493,-0.6290947119324254,-0.6927094766404689,0.11879566820318996,-0.03655568057002165,0.5365517304222054,1.7550383379894008,0.3772201530771237,0.5741244748743675,-0.256301714472352,C4,GSM8059511,"AB_25, Colorectal",Colorectal
AB_26,0.2187310229156257,-1.809425144227485,-0.4222525027480475,0.026063931331669104,0.6977400671559042,-0.29819391062825834,-0.34495483171634084,-1.5265285734901806,-0.307668910846504,-0.5171012130214184,0.1528152572175798,1.1702574984551777,1.1657053044851962,-0.5577592552167325,C4,GSM8059512,"AB_26, Pancreas",Pancreas
AB_27,-0.23867741911585072,-0.47022273140290793,-0.17667526660975438,-1.1526125695171678,-0.7296827057222192,0.700658805061278,0.47461052231541817,0.43365131520169053,-0.2392679488823331,-0.3933214223853475,0.4174294627703943,-0.46958629956639897,1.2673529882234755,0.3024308563699841,C3,GSM8059513,"AB_27, Colorectal",Colorectal
AB_28,-0.4872463071681721,0.22553111171567022,-1.0416506129041,0.6176294853543292,0.2737447064482606,-1.391927308040996,0.2870846509334421,1.071687601936017,-0.17005496656034697,-1.7414627369628786,-0.9391001188660365,-0.3086580668754572,0.18150212422144849,-0.6375672212469492,C3,GSM8059514,"AB_28, Pancreas",Pancreas
AB_29,2.0825726143917143,-0.4502420450418916,-0.5225792629515738,-0.7141597587217131,-0.9550354654381609,0.16866877466044247,0.8082280113287038,1.824519451619988,-1.8070706438453676,-0.3550050305667089,-0.8645683712444727,-1.1351516980685723,-1.1534655636247901,0.4855786719938196,C3,GSM8059515,"AB_29, Colorectal",Colorectal
AB_30,-0.8292746994965609,-1.1215084991254778,-0.540997699376481,-0.684583312399328,1.1032616197975114,-0.21096646910083722,0.0387167112021889,-0.27549410174118544,-0.39482345627779136,0.4004630743094948,1.398532246354395,0.5638754626038572,-0.2539534068870295,0.41628486001749804,C3,GSM8059516,"AB_30, Colorectal",Colorectal
AB_31,-0.36612470183668366,0.2648544760877338,-0.27997291115871903,0.8992915958313786,0.14414899684280985,0.43357173778951136,0.7787034529427657,-0.019583882492082677,0.5033336481252436,0.17751537475874932,0.3497084252687203,0.856455350170593,-1.3234886673458448,0.22944677065562197,C3,GSM8059517,"AB_31, Pancreas",Pancreas
AB_32,0.28207494388885784,-1.069552962302132,0.7143714732219948,0.53676312225369,0.4887576706390948,-0.6826112438277635,0.367117072865785,-0.04514892802460714,-1.2018511554725504,-0.3089841684917044,0.24218991666934564,-0.6042358170184414,1.1604675743252648,-0.7855807890072631,C3,GSM8059518,"AB_32, Colorectal",Colorectal
AB_33,1.404033266633279,0.34297968839673965,2.30913082901279,-0.3119830722943089,-0.6566577242135551,-0.1108947287326203,-0.07783115870593611,0.987871160871052,0.43758529577017374,1.0169187742312038,1.883003196231372,-0.270722254400412,-0.2317911540606863,0.3238118214898582,C3,GSM8059519,"AB_33, Colorectal",Colorectal
AB_34,0.7737136510276585,0.5168730401572629,-0.949756111422422,0.12906195791155067,0.28686861222178806,-0.13062717567432514,0.19733753759079622,1.9967473514735017,-0.00387645676967477,-0.4956359590555435,-1.202347546801768,1.3881751844042907,0.0449413735397346,-0.19770937799289956,C3,GSM8059520,"AB_34, Pancreas",Pancreas
AB_35,-0.5983875933510218,-1.1577458277680412,-0.1614133674103623,0.36114599532293395,0.10098524235880489,-0.07982660372182483,-0.6934108981364085,-0.406710374095965,-0.5081388650312982,-0.5856625781285842,0.04616323893423971,-0.5604888158304236,0.48297997364774864,-1.2887383524049214,C4,GSM8059521,"AB_35, Colorectal",Colorectal
AB_36,0.7617432034365702,1.1771932504978628,0.2094252594404681,0.6327305408440533,0.2774389646566515,0.3688019151324067,-0.4861019452544667,-0.8826095937644621,0.7117876237301952,0.45820935161313187,0.47337818048330177,1.43315518350071,0.3086319333919618,0.26432179793304117,C2,GSM8059522,"AB_36, Pancreas",Pancreas
AB_37,-0.07240987342859337,-0.7819552724164948,-0.9824156198208168,0.7620668234886916,1.370546557322531,-1.877325254551513,-0.9086422389586583,0.2505034645892708,-0.7657890228721679,-0.05424340356099157,-0.8390499431754301,0.08254378803275951,1.449517100545866,-1.7209932401225359,C1,GSM8059523,"AB_37, Colorectal",Colorectal
AB_38,-1.387026918622391,0.7405733957068429,0.05225113825689667,-0.035816193021022014,0.7583506255477064,-0.22655332352736743,-1.2969670212334679,-0.8792808771000745,-0.7962174924358068,-0.4914306857630307,-0.02730100362864478,0.6787130122930508,0.9778146305864354,-0.16934368522346407,C1,GSM8059524,"AB_38, Colorectal",Colorectal
AB_39,-0.11453995406105487,-0.8452205194095537,-0.7014923047994928,1.1766962627843818,0.42662838781027745,-0.15471032973059456,-0.02035004886154894,-0.8697996632368933,-0.144502923788491,-0.12006560060957111,-0.2703832190372782,1.5845487939113057,-0.45824782690172916,-0.053285964627606854,C2,GSM8059525,"AB_39, Pancreas",Pancreas
AB_40,-1.409196801463218,-0.17429163619991364,-0.3733023766617579,-0.9205286842124243,0.7049062550145063,-0.7464617499256194,-0.06849465622880437,1.0122270161117572,-0.1782020188822874,-0.13696121636113065,-0.186018805959662,0.677031783832749,0.9429789383348455,0.33013906755914874,C3,GSM8059526,"AB_40, Colorectal",Colorectal
AB_41,-1.079821060435152,0.9287096718497466,-0.40328533734679534,0.6644478620268688,1.1650393239994197,-0.21379953706785423,-0.8535059192486462,0.05390152839874607,-0.1343414040893253,-0.8621857038275688,0.6910124780738357,0.5078889903043188,1.192513466988254,-0.3006886928026724,C2,GSM8059527,"AB_41, Pancreas",Pancreas
AB_42,0.10122035892862453,0.33019169324881675,-0.3561762334227914,0.1022842584644471,0.6417614630995924,-0.4568409076582137,-1.503832920346527,-1.2145561478316351,-0.5586190720336509,-0.624366305392217,-0.32352478629309916,-0.5937341900424682,0.9709763033452475,-0.3687774691938656,C1,GSM8059528,"AB_42, Pancreas",Pancreas
AB_43,0.03978940050941859,0.34822613679878317,-0.9620834453567965,0.1063288669861148,1.2551416847936259,-0.5634843659631349,-0.4991005252467376,0.5313301658683723,-0.8448775319388321,-0.5437553640476208,0.11306779933380831,-0.2335946669455202,0.43851605924010223,-0.23455683827707263,C3,GSM8059529,"AB_43, Colorectal",Colorectal
AB_44,0.2829110823477629,0.8828163159049485,-0.10144825861971721,0.4087907457336957,-0.5672973740295906,-0.9830012051414463,-0.7800997382627919,-1.4693478628237935,0.5258449293256114,-0.40883461676027566,0.2753829872309592,-0.17758453576188765,0.1367615454977037,-0.6207730736252101,C4,GSM8059530,"AB_44, Pancreas",Pancreas
AB_45,-0.9558597006544785,0.5077515757398627,-0.8976765571874741,-0.293041666485801,-0.03196500429151079,0.03840389374817125,0.9913893541946259,-1.6401838724026243,0.8778529737546975,-0.49847630265701964,0.6780437379639871,-0.3092686329088049,-0.5139483562632579,0.6247280310372941,C2,GSM8059531,"AB_45, Pancreas",Pancreas
AB_46,-0.22980593873855745,2.9730001122513605,-1.0107606085389174,0.30567696203451417,-0.06061543387176859,-0.09378731641759863,-0.47533926263469667,-1.6795798497425385,0.4117657555935334,0.033494587487363614,1.4315048289215149,0.14285150061080293,0.412459658920057,0.17861784516763674,C2,GSM8059532,"AB_46, Pancreas",Pancreas
AB_47,0.8235906712116501,0.27619201655493386,0.2802067831257464,0.7798522483047612,0.22084999150027324,0.5101746797582888,-0.34421027068707605,0.7229772035607516,0.45488524858931584,0.20067303619710006,-0.1252977948233997,1.0718611616314624,-0.012347872028988738,-0.34794126443827167,C3,GSM8059533,"AB_47, Colorectal",Colorectal
AB_48,0.12666616015515425,-0.5035294627157846,1.3930507577884081,-1.1785447822339157,-0.7940356327760709,0.4672262479289241,0.7544188441353774,-0.1556489756285256,-0.7132112419520066,-0.4720658049985361,0.5082563910656578,-1.0776317318522592,0.13388799018976802,0.2544890572251009,C1,GSM8059534,"AB_48, Colorectal",Colorectal
AB_49,-0.08322102197178453,-0.44445548212430525,1.3013598846151027,1.7376763945652773,0.0318715887279704,0.10341069816433453,-0.8476014701097625,-0.6507451827966871,-1.609366279679105,-0.08092281052703092,-1.3419274955110168,1.7833152410182334,0.2153812939152155,-0.5882272102861303,C4,GSM8059535,"AB_49, Pancreas",Pancreas
AB_50,-0.5518404900960999,-0.12923397328670735,0.1356208769692172,-0.5134585556815032,0.8864877585895702,-0.43289515503934806,-0.039033001654065834,1.027382768934593,-0.1284957730381547,-0.8048196833298477,-0.9061383202508448,-0.16737889571265674,1.225231221331236,0.10740252874804773,C2,GSM8059536,"AB_50, Pancreas",Pancreas
AB_51,1.3693798470205008,-1.1072257849217886,0.8140555071775203,-0.5524257658795736,0.3556981515895573,0.8861275265627955,0.36218707490483576,0.5879309240654587,0.07086348629853667,-0.75736480229971,0.38809370460734643,0.0742652827119275,0.695206995390037,0.3645560241077553,C1,GSM8059537,"AB_51, Colorectal",Colorectal
AB_52,-0.34241873830491887,0.8138726464693019,2.160277325354926,-1.9915883024562482,-2.7396365073040423,1.2767000025313848,1.2928493406031747,-0.6978930557254995,-0.9209069364340794,1.4589697782317272,0.9482140613749283,-0.13244771869088698,-0.5233921025339614,0.5674447916327646,C2,GSM8059538,"AB_52, Colorectal",Colorectal
AB_53,-0.7153327998417333,0.249659231162899,0.42558745562846884,-0.1633526122471512,-0.45811755082492317,-0.2953736893171409,0.5589171960666205,-0.03839085673344517,0.9685273146383584,-0.36747544265557597,0.7286775138110062,-1.4143439882622346,-0.5030532890503512,-0.2953063409566421,C1,GSM8059539,"AB_53, Pancreas",Pancreas
AB_54,0.8438046114589831,-0.6340855829946254,1.5431559936812673,-0.7329853376979995,-0.058872982805332874,0.18569953435378633,-0.013042417734001875,0.041893827851617715,-0.03258531246182838,-0.19845726910981784,1.2965032777635714,-0.1560007286794996,0.1137615427568895,-0.45467289473617234,C1,GSM8059540,"AB_54, Colorectal",Colorectal
AB_55,0.6902480265710428,-0.5219110795916697,-0.891569926922541,0.9187568554490297,0.7104684852188637,1.7502627260767694,1.8966034819477262,0.4971904085782935,0.6540311821728206,-0.7865317500600986,-0.3475170788861213,0.1877369841687948,-0.5139137892559483,0.9311103423688405,C2,GSM8059541,"AB_55, Pancreas",Pancreas
AB_56,-0.02326193808356533,-0.10697823165071935,-0.17578267749937992,1.0996288044259925,-0.5888384730019176,0.48955658783756084,1.8100895849957521,-0.39911279436420244,-1.0016961115244232,-1.2611861698786395,-0.18630097803993415,-1.734699486268961,-1.714759626909035,-0.691779976675759,C4,GSM8059542,"AB_56, Colorectal",Colorectal
AB_57,0.1569318557030374,-0.725838663468947,-0.03838563974618761,1.2724953559715322,0.036046794286535185,0.03398851163837449,-1.3939822620877982,-1.0665219425468544,-0.9927421242920804,0.3842344869511691,-0.28042711840265033,0.8230155234538375,0.37548769218005246,-1.0371470099023294,C1,GSM8059543,"AB_57, Colorectal",Colorectal
AB_58,0.4772076536511536,-0.8555353464005533,-0.5128690010227809,1.0281557068371219,0.2840471973486921,-0.01857160088069612,-1.0815391515562143,-1.0249628830584459,0.029175945458701235,-0.3905338785307796,-1.544207769658778,-0.7008126464380566,0.2944003501047763,-1.046105549935734,C1,GSM8059544,"AB_58, Pancreas",Pancreas
AB_59,-0.9988660371970204,-0.2805028671628191,0.5378525251911571,0.9297793929044276,-0.08633880928911473,-0.7299214462861034,-0.483487187548392,-0.22623790527050977,-0.41813552694421474,0.45147321395855466,-0.3684419649555024,0.10325747425434181,-0.25702927181164287,-0.4020930466174838,C4,GSM8059545,"AB_59, Colorectal",Colorectal
AB_60,-0.48262766916000627,0.4150489838304444,-0.9539786670608005,0.16837640182973795,0.9639455693133725,-1.8937113303766864,-0.7729488146626095,0.5236578322770643,0.29559944610375094,-1.2650509769503617,-0.6263797932794192,0.08567179317425695,0.1913757718881028,-0.40789855182188667,C3,GSM8059546,"AB_60, Colorectal",Colorectal
AB_61,0.42345454632418744,-1.0049432480936986,-0.2862390093502594,-1.1332926924010531,-0.10343501342827156,1.1338740801223315,-0.2957582514065282,-0.26320844030940715,1.5205526690906976,0.7906382013794502,0.6224129634196853,0.14286875303491434,1.1720586379846432,-0.5796379767219141,C3,GSM8059547,"AB_61, Colorectal",Colorectal
AB_62,0.9007365610295321,1.430410034993406,0.9136801367650583,-2.1479253287194533,-0.7212123526198239,1.2427941397802518,1.2785292088462832,0.45966471414764504,1.0411837304877782,0.9050376388236607,1.4784216645988293,-1.614571925012633,-1.0157038702778876,1.8859308256802396,C2,GSM8059548,"AB_62, Colorectal",Colorectal
AB_63,-0.4874486565350617,0.6389880709836229,-0.997418515248375,-0.527929047373824,-0.1279634657410363,0.7257192409823272,0.6716463602534682,0.5893058282751847,-0.4573045875457928,-1.1174014634228735,-1.4535906839542299,-1.3416258442196003,-1.5162552727923375,-0.001309619612361915,C4,GSM8059549,"AB_63, Pancreas",Pancreas
AB_64,-0.11125207393541922,1.3106451725889539,-1.3071285989084145,-0.3234255866355401,-0.6320386160072677,1.231726870192813,0.8262348590676593,0.6686122656439363,-0.5151837271583344,0.06104101175432993,-0.2658358098444038,-1.6953797181569983,-0.923174229511043,0.26658672038089565,C3,GSM8059550,"AB_64, Colorectal",Colorectal
AB_65,0.44869269712472337,0.06489742270083416,-0.3912686410480356,0.8264169737214914,0.701921235608694,-0.7447886697461022,-0.6038947135885512,0.59671799045481555,0.2516995158401689,-0.14819157444978426,-2.204417148585663,-0.40471862131380976,0.8093276271238699,-0.538294437466476,C1,GSM8059551,"AB_65, Colorectal",Colorectal
AB_66,-0.09645476492868288,1.018120698480406,-0.540711864965958,-0.14409399797030964,-1.6100947313556473,1.5036777464194782,1.7443836337013463,-0.579939658250884,0.18613432892474432,0.5131680963617259,-0.23334396435792037,-2.225172083092474,-2.0022333107213797,0.0900523044761951,C1,GSM8059552,"AB_66, Pancreas",Pancreas
AB_67,0.2365459774748912,-1.893256704756059,0.0614086411728215,-0.27456004088390495,0.6082567685978244,-2.333895008673981,-0.859580003920156,-0.24357629167971528,-0.8970390665445609,0.04756103690551962,-1.2100551530585146,-0.4737482794342177,0.7162562497403014,-0.9723583449045955,C1,GSM8059553,"AB_67, Colorectal",Colorectal
AB_68,-1.9887907196140067,1.4878856178489785,0.6355851036688116,1.5093582873528344,0.23406991359759463,-1.3102480791051327,-3.022337957062615,-2.348095449311228,1.0446776980938643,-0.293619607012919,-1.3173028747332158,1.7826421413738138,1.5894121669898922,-1.5211415872960279,C1,GSM8059554,"AB_68, Colorectal",Colorectal
AB_69,-0.025030018704535934,1.000137583657257,-0.8682979782787066,0.9895287789737891,-0.6918314053051108,2.6241508102547413,-0.8520567141322349,0.9723113646321512,3.3203476431413397,-1.0124435060080932,-0.13243381612354116,1.331676299073263,0.8259110643039991,0.45038269348739907,C4,GSM8059555,"AB_69, Pancreas",Pancreas
AB_70,1.292048977582838,-0.5993933328734883,-0.5979207908809983,-0.1838387392562459,0.8978617122111489,-0.1728125728947038,-0.6356256900266236,-0.011094757934356637,-0.47379621766718677,-1.1961789633750919,0.05849071720749753,-0.1753096748040016,0.7471038135366626,-1.162360689966805,C3,GSM8059556,"AB_70, Colorectal",Colorectal
AB_71,-0.3891370705467287,-0.16953846190081495,-0.8898422014762999,0.19596770985672093,0.19549992817982592,-0.4023211259243586,-0.24807728340199323,0.919720671146435,-0.5599531459759279,0.8200514715069663,0.24838295513415623,-1.3753452136595443,-0.5262146471752693,-1.1420648024644728,C1,GSM8059557,"AB_71, Colorectal",Colorectal
AB_72,0.28297313202197627,-1.550533855776844,0.9851439143445656,0.0853700082996556,0.6740310581894818,-1.6932624766168665,-0.5627893124275386,0.2730710453409188,-2.3009479353846216,-0.6447879797348925,-0.8268141914761269,-1.1969084534368168,0.6088350609075353,-0.5812730033328944,C1,GSM8059558,"AB_72, Colorectal",Colorectal
AB_73,0.29280056651146213,1.2348150158621112,-1.3476252918563187,0.8178563011271132,-0.8483983328580252,0.5533182446319819,0.2704154777044339,0.7381982332164069,0.33103792954475053,-1.0683806273574639,-1.4403231529513807,1.7129418291089933,0.4536436991926521,-0.30121623587086777,C3,GSM8059559,"AB_73, Colorectal",Colorectal
AB_74,-0.34457060815607615,-0.2887858859413938,0.4269955545084983,0.12903500694939404,1.6472447309450284,-1.0456738368529273,-0.5502077036300287,0.5843111580200643,-0.3343042396837777,-0.709751956082433,-0.9211181724643035,-0.8716918623898456,1.1438382407636631,-1.1925120698648464,C1,GSM8059560,"AB_74, Colorectal",Colorectal
AB_75,-0.542647427033885,0.07676153738458617,-0.3031853360356463,-0.29938713192703226,0.527044933255829,0.17417500459149257,-1.034738797871053,-0.17071523901700725,1.2328799322094839,-0.7258395840770163,-0.08926138069478141,0.3918350073176446,0.37302847292076247,-1.1035589225685956,C4,GSM8059561,"AB_75, Pancreas",Pancreas
AB_76,-0.6055935497791083,-0.8232573845830723,0.8115849258768004,0.5479919402248989,0.5124585458308085,-1.4549156211124836,0.3251437366395771,-0.5397402897673834,-1.3618456296794381,0.22030081530258752,-0.6901965759139161,-0.7279978497327957,-1.298456119614787,0.10525148015030696,C4,GSM8059562,"AB_76, Colorectal",Colorectal
AB_77,-2.1043938045387702,-0.31561106997910393,-0.8123099718983995,-0.7063383697203556,1.3740168794368912,-0.19517503929124752,-0.4244849767059792,0.2834950021112799,0.3060623766316105,-0.9410755639126274,0.5444558908083853,1.127897497964479,0.06493444985883766,0.4112883226551141,C1,GSM8059563,"AB_77, Colorectal",Colorectal
AB_78,-1.7573639910990322,-1.7298743421126206,0.5338894866582738,0.00975731162472554,0.6836177395209048,-0.938433255451972,-0.8353093313557174,-0.6157547802143994,0.36364520705051956,0.5384295917400757,-0.9837605565790288,-0.12248955413139709,0.8851880607433706,-1.3648165192628512,C1,GSM8059564,"AB_78, Pancreas",Pancreas
AB_79,-0.5979425508217996,1.7681547278771217,-0.17493201222798552,0.759112717780415,0.2841246089455347,0.21778089100070475,-0.044198472926117116,-0.6595157790664204,0.49911588445886795,-1.326199088597585,-0.43083259331832735,1.0656423295074129,0.5775432854537474,-0.43343517036611545,C4,GSM8059565,"AB_79, Pancreas",Pancreas
AB_80,-1.0213056889396266,-0.7208307514672643,1.63115802891436,-0.5379902136384117,0.8443289428391809,-0.6320412912648325,-0.3557281590141207,0.46772895782066753,-0.79571981423703,0.606229857887067,1.0061963738030426,-0.46621791996813755,-0.08427052340362255,-0.1782868445757588,C1,GSM8059566,"AB_80, Colorectal",Colorectal
AB_81,-0.24791746234325032,-1.2020582721287119,1.193982784822275,-0.15821973693060723,0.7105562675010155,-1.4182496171149659,-1.167039902861662,-0.4228034563739678,-0.5039144055783782,-0.1362526347496726,0.2892423967694501,-0.6520197905228268,0.3974206560634458,-0.584967704102323,C1,GSM8059567,"AB_81, Colorectal",Colorectal
AB_82,2.4307838952216607,0.906433174455249,1.4891300370762528,-0.2182542807971319,-0.6935583773987201,-1.1342187648314508,1.7363066791505894,0.6990739176127266,0.4257380064420703,1.7354030121847432,1.3386204945024929,1.294907500411215,-1.348797725588804,2.6598283178222673,C3,GSM8059568,"AB_82, Pancreas",Pancreas
AB_83,-1.1294859813020943,0.25339937827734466,-0.344016605907781,-1.4508660777490905,0.6020137331558921,0.1528802293683263,0.003713015689128572,0.8303120571523921,0.2817897602049402,-0.8002216311826532,1.6141629469776027,-0.6490597533523482,0.3476742511786047,0.549592937554755,C2,GSM8059569,"AB_83, Colorectal",Colorectal
AB_84,-0.5149190102176217,0.2270146801917473,1.3377534259736166,1.4307418851162568,-0.574709868556604,1.73724487340976,-0.03222072081899516,0.14615516394950118,1.1587864056702453,-0.03901590167638336,-0.9200773270722584,1.022763841068037,-0.8307013750153786,0.11787943812135313,C4,GSM8059570,"AB_84, Pancreas",Pancreas
