sample_id,RNA_library_size,log10_RNA_library_size,RNA_detected_features,RNA_zero_fraction,lncRNA_library_size,log10_lncRNA_library_size,lncRNA_detected_features,lncRNA_zero_fraction,smallRNA_library_size,log10_smallRNA_library_size,smallRNA_detected_features,smallRNA_zero_fraction,geo_accession,title,subgroup
AB_1,27996737,7.447107433087672,17810,0.0826207891212527,611845,5.786642125141582,3058,0.2717313646106216,1950418,6.29012791897312,1643,0.41467759173494834,GSM8059487,"AB_1, Colorectal",Colorectal
AB_2,20058541,7.302299362165612,19079,0.017255588750386318,762005,5.8819583909677275,4049,0.0357227911407478,1595736,6.202961315046846,1556,0.44567153544709653,GSM8059488,"AB_2, Colorectal",Colorectal
AB_3,22088837,7.344172870083228,18881,0.02745441434016689,547873,5.738680690972299,3962,0.05644201000238152,2624616,6.419065937485874,1834,0.34663341645885287,GSM8059489,"AB_3, Pancreas",Pancreas
AB_4,42121675,7.624505643213129,17518,0.09766148140517153,826165,5.917067318071915,2959,0.2953084067635151,1993783,6.2996781064885194,1685,0.39971499821873885,GSM8059490,"AB_4, Pancreas",Pancreas
AB_5,28370662,7.452869485033675,17098,0.11929535386834243,544370,5.735894981198012,2608,0.378899738032865,3509972,6.545303775726191,2077,0.2600641254007838,GSM8059491,"AB_5, Pancreas",Pancreas
AB_6,26203871,7.418365469334568,18178,0.06366539610590295,724758,5.860193617095084,3395,0.1914741605144082,5001350,6.69908733485439,1991,0.29070181688635555,GSM8059492,"AB_6, Pancreas",Pancreas
AB_7,32165744,7.507393614671319,18182,0.06345935922530133,715011,5.8543133305983535,3512,0.16361038342462492,2374409,6.375555712665507,1817,0.35268970431065194,GSM8059493,"AB_7, Pancreas",Pancreas
AB_8,55165423,7.741666960503472,16607,0.14458638096219223,1252710,6.097850890960757,2274,0.4584424863062634,3850912,6.585563707133059,1960,0.30174563591022446,GSM8059494,"AB_8, Colorectal",Colorectal
AB_9,45243952,7.655560542563921,18508,0.04666735345626867,1444125,6.159605087082264,3685,0.12241009764229578,2431711,6.385912137945583,1716,0.38867117919487,GSM8059495,"AB_9, Pancreas",Pancreas
AB_10,23629801,7.3734600825859165,18422,0.051097146389203665,451830,5.654976024430908,3581,0.14717789949988092,2568790,6.409728770969695,1963,0.3006768792304952,GSM8059496,"AB_10, Colorectal",Colorectal
AB_11,36322084,7.560170770410856,18807,0.031266096631297,1281557,6.107738266009881,3803,0.09430816861157418,3049431,6.484218953367097,1931,0.31207695048094053,GSM8059497,"AB_11, Colorectal",Colorectal
AB_12,19366307,7.2870468345520845,18326,0.05604203152364273,376159,5.575372611780864,3668,0.1264586806382472,1478477,6.169814866535665,1550,0.44780904880655503,GSM8059498,"AB_12, Colorectal",Colorectal
AB_13,23228104,7.3660137805444075,18275,0.05866900175131348,665219,5.8229652979122815,3572,0.1493212669683258,6095256,6.7849920219033395,2026,0.278232988956181,GSM8059499,"AB_13, Pancreas",Pancreas
AB_14,49022464,7.690395145124597,18943,0.02426084269084166,1181995,6.0726160068490715,3944,0.06072874493927125,5527712,6.742545486292339,2111,0.2479515496971856,GSM8059500,"AB_14, Colorectal",Colorectal
AB_15,54660951,7.737677191292726,16642,0.14278355825692798,1273276,6.104922894215336,2283,0.45629911883781854,5473769,6.738286545023433,2014,0.282508015675098,GSM8059501,"AB_15, Colorectal",Colorectal
AB_16,10489630,7.020760211026496,19051,0.018697846914597714,312548,5.49491811371658,4101,0.02333889021195523,5956186,6.774968324371143,2076,0.26042037762736014,GSM8059502,"AB_16, Pancreas",Pancreas
AB_17,47056984,7.672624097939675,19095,0.016431441227979807,1085003,6.0354313392672445,4087,0.026673017385091688,1808935,6.257423201830226,1626,0.4207338795867474,GSM8059503,"AB_17, Pancreas",Pancreas
AB_18,31383809,7.4967056658772355,19186,0.011744102194292779,789511,5.897358735350237,4142,0.013574660633484163,3790190,6.57866109602505,1897,0.32418952618453867,GSM8059504,"AB_18, Colorectal",Colorectal
AB_19,22442134,7.351064170525865,19015,0.020552178840012363,718669,5.856529516143252,4052,0.03500833531793284,1767339,6.247320106903224,1654,0.41075881724260777,GSM8059505,"AB_19, Pancreas",Pancreas
AB_20,23942761,7.379174248500171,17231,0.11244462758833831,594088,5.773851511165565,2799,0.3334127173136461,2763712,6.4414929413838236,1901,0.32276451727823297,GSM8059506,"AB_20, Pancreas",Pancreas
AB_21,23220214,7.365866236629141,17844,0.08086947563613887,596539,5.775639569878691,3231,0.23053107882829246,1714891,6.234236774360736,1615,0.424652654079088,GSM8059507,"AB_21, Pancreas",Pancreas
AB_22,33356755,7.523183808158637,18666,0.03852889667250438,857867,5.933420468172921,3734,0.11074065253631817,3652894,6.562637188889722,1740,0.380121125757036,GSM8059508,"AB_22, Colorectal",Colorectal
AB_23,33653631,7.527031941440788,19248,0.00855053054496755,864908,5.936970416277718,4167,0.0076208621100261964,2078119,6.317670622062887,1610,0.42643391521197005,GSM8059509,"AB_23, Pancreas",Pancreas
AB_24,20058287,7.302293862688289,19168,0.012671268157000103,587370,5.768912500493077,4129,0.016670635865682307,7721028,6.8876751836571835,2044,0.2718204488778055,GSM8059510,"AB_24, Pancreas",Pancreas
AB_25,46306848,7.6656452299580335,17100,0.11919233542804161,1036035,6.015374846461059,2606,0.3793760419147416,2253017,6.35276466143952,1671,0.4047025293908087,GSM8059511,"AB_25, Colorectal",Colorectal
AB_26,30504509,7.4843640532259545,16333,0.15869990728340372,507526,5.705459151292838,2059,0.5096451536080019,5394121,6.731920764758254,2086,0.256857855361596,GSM8059512,"AB_26, Pancreas",Pancreas
AB_27,30118854,7.478838457680266,18625,0.04064077469867106,717614,5.8558915080030705,3760,0.10454870207192189,2887522,6.460525452201777,1894,0.3252582828642679,GSM8059513,"AB_27, Colorectal",Colorectal
AB_28,19710295,7.294693146359675,17584,0.09426187287524466,514389,5.711292517095339,3112,0.25887115979995234,2424273,6.384581703762844,1648,0.41289633060206626,GSM8059514,"AB_28, Pancreas",Pancreas
AB_29,28380328,7.453017425725273,18765,0.033429483877614095,670732,5.826549674113632,3855,0.08192426768278162,4032788,6.6056054998323415,1872,0.33309583184894903,GSM8059515,"AB_29, Colorectal",Colorectal
AB_30,39948503,7.601500520403204,16997,0.12449778510353353,728319,5.86232223604294,2601,0.3805668016194332,2762743,6.441340644403217,1850,0.34093338083363023,GSM8059516,"AB_30, Colorectal",Colorectal
AB_31,28154183,7.449542944590088,17056,0.12145874111465953,691972,5.840089149110262,2522,0.3993808049535604,3247130,6.511499809854673,1808,0.35589597434983966,GSM8059517,"AB_31, Pancreas",Pancreas
AB_32,30235601,7.480518619962809,18660,0.03883795199340682,821392,5.91455099742885,3761,0.10431055013098357,3273226,6.5149761249013,1924,0.3145707160669754,GSM8059518,"AB_32, Colorectal",Colorectal
AB_33,20665414,7.315244131146896,16280,0.1614298959513753,483012,5.683958819679643,2152,0.4874970231007383,10117119,7.00505690122744,2237,0.20306376914855717,GSM8059519,"AB_33, Colorectal",Colorectal
AB_34,29834277,7.474715532228381,17698,0.08838982177809827,724997,5.860336808515598,3119,0.25720409621338414,4489690,6.652216452002697,1973,0.29711435696473104,GSM8059520,"AB_34, Pancreas",Pancreas
AB_35,31362781,7.496414579320461,15877,0.18218811167198928,727789,5.862006083986332,1891,0.5496546796856394,1749481,6.242909478490323,1606,0.42785892411827575,GSM8059521,"AB_35, Colorectal",Colorectal
AB_36,36302187,7.559932801556487,16231,0.16395384773874525,938243,5.972315795813366,2024,0.517980471540843,2015632,6.304411460023373,1652,0.4114713216957606,GSM8059522,"AB_36, Pancreas",Pancreas
AB_37,36839347,7.566311935246095,18814,0.030905532090244155,730029,5.863340707472166,3832,0.08740176232436295,2429846,6.385578928270053,1842,0.3437833986462415,GSM8059523,"AB_37, Colorectal",Colorectal
AB_38,30243183,7.480627511724593,16682,0.14072318945091172,716945,5.8554864460650204,2436,0.4198618718742558,3713622,6.569797812885149,1934,0.31100819380121125,GSM8059524,"AB_38, Colorectal",Colorectal
AB_39,29752783,7.473527609367714,17869,0.0795817451323787,810888,5.908961409097999,3168,0.24553465110740652,3904610,6.591577773432627,2081,0.25863911649447807,GSM8059525,"AB_39, Pancreas",Pancreas
AB_40,27930212,7.446074247708593,18180,0.06356237766560215,552811,5.7425774617851335,3443,0.1800428673493689,4508556,6.654037564668473,1955,0.30352689704310654,GSM8059526,"AB_40, Colorectal",Colorectal
AB_41,42175473,7.625059972219732,17666,0.0900381168229113,665367,5.823061910212388,3056,0.2722076684924982,2124683,6.3272943474398495,1822,0.35090844317776987,GSM8059527,"AB_41, Pancreas",Pancreas
AB_42,39117656,7.592372834294392,17940,0.0759245905016998,787339,5.896162315887581,3302,0.21362229102167182,1688344,6.227461196014021,1746,0.3779836123975775,GSM8059528,"AB_42, Pancreas",Pancreas
AB_43,32482556,7.51165020921694,18880,0.027505923560317298,686864,5.836871386962931,3935,0.06287211240771612,6076691,6.783667224484509,2070,0.26255789098681864,GSM8059529,"AB_43, Colorectal",Colorectal
AB_44,38141004,7.581392132344069,16629,0.14345317811888328,747734,5.873747709590257,2259,0.4620147654203382,2185659,6.339582604270494,1732,0.3829711435696473,GSM8059530,"AB_44, Pancreas",Pancreas
AB_45,28426562,7.4537243531702675,18499,0.04713093643762233,599007,5.777432622610771,3695,0.1200285782329126,1836561,6.2640055941587836,1671,0.4047025293908087,GSM8059531,"AB_45, Pancreas",Pancreas
AB_46,35334935,7.548204309040525,17114,0.11847120634593593,695733,5.84244322752263,2519,0.4000952607763753,1733671,6.238966935086899,1580,0.43712148200926254,GSM8059532,"AB_46, Pancreas",Pancreas
AB_47,21459255,7.331614660747559,18331,0.055784485422890696,481325,5.682439321788621,3564,0.15122648249583234,1856886,6.268785475753969,1694,0.39650872817955113,GSM8059533,"AB_47, Colorectal",Colorectal
AB_48,20966964,7.321535570229517,18275,0.05866900175131348,515146,5.711931175020305,3563,0.15146463443677066,2745740,6.438659568743506,1849,0.3412896330602066,GSM8059534,"AB_48, Colorectal",Colorectal
AB_49,24879717,7.395845453521274,18960,0.02338518594828474,592042,5.772353250615717,4024,0.04167658966420576,2563220,6.408786052513834,1900,0.3231207695048094,GSM8059535,"AB_49, Pancreas",Pancreas
AB_50,28272960,7.451371294114586,18171,0.0640259606469558,632164,5.800830447328231,3482,0.17075494165277447,2023161,6.30603065928549,1784,0.36444602778767365,GSM8059536,"AB_50, Pancreas",Pancreas
AB_51,31106417,7.49285000363846,18704,0.03657154630678892,743157,5.871081157277751,3812,0.09216480114312932,2250802,6.352337485335064,1832,0.3473459209120057,GSM8059537,"AB_51, Colorectal",Colorectal
AB_52,30278836,7.48113919004262,17950,0.07540949830019573,1129046,6.052712021124075,3261,0.22338652060014288,4084920,6.6111836619465665,1946,0.30673316708229426,GSM8059538,"AB_52, Colorectal",Colorectal
AB_53,29188532,7.465212268128984,17731,0.08669001751313485,630049,5.799375015901908,3004,0.28459156942129077,3757265,6.574871942532861,1750,0.3765586034912718,GSM8059539,"AB_53, Pancreas",Pancreas
AB_54,33123900,7.52014147796212,18186,0.0632533223446997,664224,5.822315217479953,3516,0.16265777566087164,2273917,6.3567747994943655,1837,0.3455646597791236,GSM8059540,"AB_54, Colorectal",Colorectal
AB_55,18217768,7.260495190951222,18837,0.029720820026784795,556578,5.745526816162285,3914,0.06787330316742081,4558412,6.65881367044845,1847,0.34200213751335945,GSM8059541,"AB_55, Pancreas",Pancreas
AB_56,13566298,7.1324613846454925,19137,0.014268053981662717,350671,5.544901090287097,4097,0.024291497975708502,1676725,6.224462098735867,1687,0.39900249376558605,GSM8059542,"AB_56, Colorectal",Colorectal
AB_57,32639498,7.5137434839297,17252,0.11136293396517977,845759,5.927247141451616,2740,0.3474636818290069,5308720,6.724989901580676,2037,0.2743142144638404,GSM8059543,"AB_57, Colorectal",Colorectal
AB_58,33471659,7.524677251376681,18623,0.040743793138971876,822394,5.9150804612341155,3779,0.10002381519409383,2223106,6.346960366158837,1700,0.39437121482009263,GSM8059544,"AB_58, Pancreas",Pancreas
AB_59,32302173,7.5092317521896526,16407,0.15488822499227362,771122,5.8871236568586625,2194,0.47749464158132887,3591766,6.555308155975122,1948,0.3060206626291414,GSM8059545,"AB_59, Colorectal",Colorectal
AB_60,35221640,7.546809586175338,18477,0.04826413928093129,844820,5.92676470072805,3712,0.11597999523696118,5819509,6.7648864187985325,2132,0.24047025293908086,GSM8059546,"AB_60, Colorectal",Colorectal
AB_61,26536292,7.423840253792579,16211,0.16498403214175336,477158,5.678663119745304,2116,0.4960704929745177,8100580,6.90851616900766,2284,0.1863199144994656,GSM8059547,"AB_61, Colorectal",Colorectal
AB_62,39243789,7.593770943065789,17544,0.09632224168126094,1027710,6.011871004979349,2866,0.31745653727077877,6062165,6.782627824459339,2144,0.23619522622016387,GSM8059548,"AB_62, Colorectal",Colorectal
AB_63,18327784,7.263109981579569,19244,0.008756567425569177,516752,5.7132830065952405,4161,0.00904977375565611,1644932,6.216148213335919,1622,0.4221588884930531,GSM8059549,"AB_63, Pancreas",Pancreas
AB_64,14149907,7.150753616169692,18946,0.02410631503039044,432200,5.635685767392154,3967,0.05525125029768992,4576439,6.660527772862246,1900,0.3231207695048094,GSM8059550,"AB_64, Colorectal",Colorectal
AB_65,27808733,7.444181217942578,18873,0.027866488101370147,662099,5.8209235878813175,3925,0.06525363181709931,2936565,6.467839766157588,1780,0.36587103669397936,GSM8059551,"AB_65, Colorectal",Colorectal
AB_66,17804731,7.25053544098151,18454,0.04944885134439064,495042,5.694642923886391,3657,0.1290783519885687,3098537,6.491156826640003,1859,0.33772711079444245,GSM8059552,"AB_66, Pancreas",Pancreas
AB_67,37774041,7.57719345886442,17633,0.09173792108787474,837133,5.922794981054974,3035,0.2772088592522029,3615574,6.558177374789357,1983,0.2935518346989669,GSM8059553,"AB_67, Colorectal",Colorectal
AB_68,27835073,7.444592380223483,17873,0.07937570825177707,507877,5.705759400689324,3094,0.2631578947368421,1106233,6.043847002339137,1718,0.38795867474171714,GSM8059554,"AB_68, Colorectal",Colorectal
AB_69,43137727,7.634857267724178,19200,0.011022973112187081,1314892,6.118890413357906,4139,0.01428911645629912,2836224,6.452740680806646,1708,0.3915211970074813,GSM8059555,"AB_69, Pancreas",Pancreas
AB_70,40919131,7.611926412635223,17453,0.10100958071494798,1022034,6.009465768642719,2816,0.3293641343176947,2538835,6.404634647862535,1895,0.32490203063769146,GSM8059556,"AB_70, Colorectal",Colorectal
AB_71,23497273,7.371017481189676,18424,0.05099412794890285,558421,5.7469625197340015,3607,0.14098594903548464,1815068,6.258893139427039,1773,0.3683648022800142,GSM8059557,"AB_71, Colorectal",Colorectal
AB_72,31151108,7.49347351244004,17966,0.07458535077778923,563263,5.750711994975868,3274,0.22029054536794476,4271296,6.630559770672104,2091,0.2550765942287139,GSM8059558,"AB_72, Colorectal",Colorectal
AB_73,23091323,7.363448835013712,19123,0.014989183063768414,636264,5.803638033993836,4099,0.023815194093831864,2111351,6.324560643972605,1945,0.3070894193088707,GSM8059559,"AB_73, Colorectal",Colorectal
AB_74,24180607,7.383467216612648,17313,0.10822087153600495,423195,5.626541554144952,2951,0.29721362229102166,2879791,6.459361120913944,1878,0.33095831848949053,GSM8059560,"AB_74, Colorectal",Colorectal
AB_75,36546938,7.562851008350551,16019,0.1748738024106315,586186,5.768036182763507,1981,0.5282210050011907,4346629,6.638152673133716,1984,0.29319558247239047,GSM8059561,"AB_75, Pancreas",Pancreas
AB_76,27366024,7.437211719370803,19054,0.01854331925414649,584144,5.76652066369373,4056,0.034055727554179564,2782892,6.444496508381147,1690,0.3979337370858568,GSM8059562,"AB_76, Colorectal",Colorectal
AB_77,27477840,7.438982606166921,18349,0.05485731946018337,570309,5.756110986711782,3619,0.1381281257442248,2157219,6.333894438062154,1837,0.3455646597791236,GSM8059563,"AB_77, Colorectal",Colorectal
AB_78,25360825,7.404163394375315,18446,0.0498609251055939,488479,5.688846786954587,3628,0.13598475827577994,5829447,6.76562743264857,2127,0.24225151407196294,GSM8059564,"AB_78, Pancreas",Pancreas
AB_79,28651001,7.457139814975709,16402,0.15514577109302566,592089,5.772387726203612,2098,0.5003572279114075,2200254,6.342473016583661,1756,0.37442109013181335,GSM8059565,"AB_79, Pancreas",Pancreas
AB_80,33566448,7.525905399595463,16797,0.13479962913361493,712818,5.852979267186483,2539,0.395332221957609,1059372,6.025048899975416,1610,0.42643391521197005,GSM8059566,"AB_80, Colorectal",Colorectal
AB_81,34042115,7.532016547257509,17120,0.11816215102503348,659671,5.819328050696244,2721,0.351988568706835,2741095,6.437924245878853,1753,0.37548984681154257,GSM8059567,"AB_81, Colorectal",Colorectal
AB_82,20701996,7.31601224131431,18577,0.0431132172658906,503049,5.701611153336058,3726,0.11264586806382472,3019718,6.479966531557381,1904,0.32169576059850374,GSM8059568,"AB_82, Pancreas",Pancreas
AB_83,26203646,7.4183617402414805,16232,0.16390233851859484,532691,5.726476174573558,2059,0.5096451536080019,2179767,6.338410272649775,1754,0.37513359458496615,GSM8059569,"AB_83, Colorectal",Colorectal
AB_84,37379781,7.572636764231868,19001,0.02127330792211806,879916,5.944441708352416,4047,0.03619909502262444,2550417,6.406611364832505,1743,0.3790523690773067,GSM8059570,"AB_84, Pancreas",Pancreas
