sample_id,seed_11,seed_23,seed_37,seed_41,seed_53,seed_67,seed_79,seed_83,seed_97,seed_101,seed_113,seed_127,seed_139,seed_149,seed_163,seed_173,seed_181,seed_193,seed_211,seed_227
AB_1,1,1,1,1,1,1,1,1,1,1,1,1,1,1,1,1,1,1,1,1
AB_2,3,3,3,3,3,3,3,3,3,3,3,3,3,3,3,3,3,3,3,3
AB_3,4,4,4,4,4,4,4,4,4,4,4,4,4,4,4,4,4,4,4,4
AB_4,1,1,1,1,1,1,1,1,1,1,1,1,1,1,1,1,1,1,1,1
AB_5,3,3,3,3,3,3,3,3,3,3,3,3,3,3,3,3,3,3,3,3
AB_6,4,4,4,4,4,4,4,4,4,4,4,4,4,4,4,4,4,4,4,4
AB_7,3,3,3,3,3,3,3,3,3,3,3,3,3,3,3,3,3,3,3,3
AB_8,2,2,2,2,2,2,2,2,2,2,2,2,2,2,2,2,2,2,2,2
AB_9,4,4,4,4,4,4,4,4,4,4,4,4,4,4,4,4,4,4,4,4
AB_10,1,1,1,1,1,1,1,1,1,1,1,1,1,1,1,1,1,1,1,1
AB_11,3,3,3,3,3,3,3,3,3,3,3,3,3,3,3,3,3,3,3,3
AB_12,1,1,1,1,1,1,1,1,1,1,1,1,1,1,1,1,1,1,1,1
AB_13,4,4,4,4,4,4,4,4,4,4,4,4,4,4,4,4,4,4,4,4
AB_14,1,1,1,1,1,1,1,1,1,1,1,1,1,1,1,1,1,1,1,1
AB_15,2,2,2,2,2,2,2,2,2,2,2,2,2,2,2,2,2,2,2,2
AB_16,2,2,2,2,2,2,2,2,2,2,2,2,2,2,2,2,2,2,2,2
AB_17,2,2,2,2,2,2,2,2,2,2,2,2,2,2,2,2,2,2,2,2
AB_18,2,2,2,2,2,2,2,2,2,2,2,2,2,2,2,2,2,2,2,2
AB_19,4,4,4,4,4,4,4,4,4,4,4,4,4,4,4,4,4,4,4,4
AB_20,1,1,1,1,1,1,1,1,1,1,1,1,1,1,1,1,1,1,1,1
AB_21,4,4,4,4,4,4,4,4,4,4,4,4,4,4,4,4,4,4,4,4
AB_22,1,1,1,1,1,1,1,1,1,1,1,1,1,1,1,1,1,1,1,1
AB_23,2,2,2,2,2,2,2,2,2,2,2,2,2,2,2,2,2,2,2,2
AB_24,2,2,2,2,2,2,2,2,2,2,2,2,2,2,2,2,2,2,2,2
AB_25,2,2,2,2,2,2,2,2,2,2,2,2,2,2,2,2,2,2,2,2
AB_26,2,2,2,2,2,2,2,2,2,2,2,2,2,2,2,2,2,2,2,2
AB_27,4,4,4,4,4,4,4,4,4,4,4,4,4,4,4,4,4,4,4,4
AB_28,4,4,4,4,4,4,4,4,4,4,4,4,4,4,4,4,4,4,4,4
AB_29,4,4,4,4,4,4,4,4,4,4,4,4,4,4,4,4,4,4,4,4
AB_30,4,4,4,4,4,4,4,4,4,4,4,4,4,4,4,4,4,4,4,4
AB_31,4,4,4,4,4,4,4,4,4,4,4,4,4,4,4,4,4,4,4,4
AB_32,4,4,4,4,4,4,4,4,4,4,4,4,4,4,4,4,4,4,4,4
AB_33,4,4,4,4,4,4,4,4,4,4,4,4,4,4,4,4,4,4,4,4
AB_34,4,4,4,4,4,4,4,4,4,4,4,4,4,4,4,4,4,4,4,4
AB_35,2,2,2,2,2,2,2,2,2,2,2,2,2,2,2,2,2,2,2,2
AB_36,3,3,3,3,3,3,3,3,3,3,3,3,3,3,3,3,3,3,3,3
AB_37,1,1,1,1,1,1,1,1,1,1,1,1,1,1,1,1,1,1,1,1
AB_38,1,1,1,1,1,1,1,1,1,1,1,1,1,1,1,1,1,1,1,1
AB_39,3,3,3,3,3,3,3,3,3,3,3,3,3,3,3,3,3,3,3,3
AB_40,4,4,4,4,4,4,4,4,4,4,4,4,4,4,4,4,4,4,4,4
AB_41,3,3,3,3,3,3,3,3,3,3,3,3,3,3,3,3,3,3,3,3
AB_42,1,1,1,1,1,1,1,1,1,1,1,1,1,1,1,1,1,1,1,1
AB_43,4,4,4,4,4,4,4,4,4,4,4,4,4,4,4,4,4,4,4,4
AB_44,2,2,2,2,2,2,2,2,2,2,2,2,2,2,2,2,2,2,2,2
AB_45,3,3,3,3,3,3,3,3,3,3,3,3,3,3,3,3,3,3,3,3
AB_46,3,3,3,3,3,3,3,3,3,3,3,3,3,3,3,3,3,3,3,3
AB_47,4,4,4,4,4,4,4,4,4,4,4,4,4,4,4,4,4,4,4,4
AB_48,1,1,1,1,1,1,1,1,1,1,1,1,1,1,1,1,1,1,1,1
AB_49,2,2,2,2,2,2,2,2,2,2,2,2,2,2,2,2,2,2,2,2
AB_50,3,3,3,3,3,3,3,3,3,3,3,3,3,3,3,3,3,3,3,3
AB_51,1,1,1,1,1,1,1,1,1,1,1,1,1,1,1,1,1,1,1,1
AB_52,3,3,3,3,3,3,3,3,3,3,3,3,3,3,3,3,3,3,3,3
AB_53,1,1,1,1,1,1,1,1,1,1,1,1,1,1,1,1,1,1,1,1
AB_54,1,1,1,1,1,1,1,1,1,1,1,1,1,1,1,1,1,1,1,1
AB_55,3,3,3,3,3,3,3,3,3,3,3,3,3,3,3,3,3,3,3,3
AB_56,2,2,2,2,2,2,2,2,2,2,2,2,2,2,2,2,2,2,2,2
AB_57,1,1,1,1,1,1,1,1,1,1,1,1,1,1,1,1,1,1,1,1
AB_58,1,1,1,1,1,1,1,1,1,1,1,1,1,1,1,1,1,1,1,1
AB_59,2,2,2,2,2,2,2,2,2,2,2,2,2,2,2,2,2,2,2,2
AB_60,4,4,4,4,4,4,4,4,4,4,4,4,4,4,4,4,4,4,4,4
AB_61,4,4,4,4,4,4,4,4,4,4,4,4,4,4,4,4,4,4,4,4
AB_62,3,3,3,3,3,3,3,3,3,3,3,3,3,3,3,3,3,3,3,3
AB_63,2,2,2,2,2,2,2,2,2,2,2,2,2,2,2,2,2,2,2,2
AB_64,4,4,4,4,4,4,4,4,4,4,4,4,4,4,4,4,4,4,4,4
AB_65,1,1,1,1,1,1,1,1,1,1,1,1,1,1,1,1,1,1,1,1
AB_66,1,1,1,1,1,1,1,1,1,1,1,1,1,1,1,1,1,1,1,1
AB_67,1,1,1,1,1,1,1,1,1,1,1,1,1,1,1,1,1,1,1,1
AB_68,1,1,1,1,1,1,1,1,1,1,1,1,1,1,1,1,1,1,1,1
AB_69,2,2,2,2,2,2,2,2,2,2,2,2,2,2,2,2,2,2,2,2
AB_70,4,4,4,4,4,4,4,4,4,4,4,4,4,4,4,4,4,4,4,4
AB_71,1,1,1,1,1,1,1,1,1,1,1,1,1,1,1,1,1,1,1,1
AB_72,1,1,1,1,1,1,1,1,1,1,1,1,1,1,1,1,1,1,1,1
AB_73,4,4,4,4,4,4,4,4,4,4,4,4,4,4,4,4,4,4,4,4
AB_74,1,1,1,1,1,1,1,1,1,1,1,1,1,1,1,1,1,1,1,1
AB_75,2,2,2,2,2,2,2,2,2,2,2,2,2,2,2,2,2,2,2,2
AB_76,2,2,2,2,2,2,2,2,2,2,2,2,2,2,2,2,2,2,2,2
AB_77,1,1,1,1,1,1,1,1,1,1,1,1,1,1,1,1,1,1,1,1
AB_78,1,1,1,1,1,1,1,1,1,1,1,1,1,1,1,1,1,1,1,1
AB_79,2,2,2,2,2,2,2,2,2,2,2,2,2,2,2,2,2,2,2,2
AB_80,1,1,1,1,1,1,1,1,1,1,1,1,1,1,1,1,1,1,1,1
AB_81,1,1,1,1,1,1,1,1,1,1,1,1,1,1,1,1,1,1,1,1
AB_82,4,4,4,4,4,4,4,4,4,4,4,4,4,4,4,4,4,4,4,4
AB_83,3,3,3,3,3,3,3,3,3,3,3,3,3,3,3,3,3,3,3,3
AB_84,2,2,2,2,2,2,2,2,2,2,2,2,2,2,2,2,2,2,2,2
