role,path,sha256
model_input,results/fig1_inputs/generated/two_block_intNMF_inputs.rds,9f85cbf5037107fbe845c600bab27d664e80fbcb635f456a9c81820a2d2b41ea
sample_metadata,results/fig1_inputs/generated/intNMF_sample_metadata.csv,821f5340375efa31dc0e265deac2a9a26cbf92e5d31de70497b715b614d123c5
locked_feature_spec,scripts/fig1/01_expression_inputs/locked_intnmf_feature_spec.csv,675acefd234a9ef1ec89608cece1db8be59f8968b4abf08771e78d03c560ae5b
CPI_runs,results/intNMF_reproducible_two_block/CPI_all_runs.csv,aa9cefb7a4de8e56e209e7d7f0a69265cb6d67d694a69564e0d5807b279eabe7
CPI_summary,results/intNMF_reproducible_two_block/CPI_summary.csv,8665e9b07ac716894919db61cbc9874ca2fc003143365134cc60e65e0c1991fb
final_fit,results/intNMF_reproducible_two_block/final_fit.rds,356ce2ea006769669ea744f4fe53b820694eee96e1239f9d0fbd0f944fe10fa2
raw_cluster_labels,results/intNMF_reproducible_two_block/final_labels.csv,da2970aa506779503279ca10cc6ee0ffdb8b4652284c8185e0372f450f6bcde8
final_consensus,results/intNMF_reproducible_two_block/final_consensus_matrix.csv,697909822ce91615a83fd74b8229df95d597ec44e9bfda6a80bf6212afe05f5a
stability_summary,results/intNMF_reproducible_two_block/reproducibility_summary.csv,d622c185ab4665e32eb0267ea64eb3869159cfc66523e789d742ec0874a96d23
