sample_id,ES_positive,ES_control,CPS,CPS_zscore,subgroup,CPS_class
AB_1,-0.48791080075397963,-0.6009709754346119,0.11306017468063223,0.2501510603292684,Colorectal,CPS-LowOrMid
AB_2,0.2941831891588776,0.03044219084281082,0.2637409983160668,0.5835396112506254,Colorectal,CPS-High
AB_3,0.22873089201656308,0.5137381053839379,-0.2850072133673749,-0.6305921322581513,Pancreas,CPS-LowOrMid
AB_4,-0.10853583644734938,0.20592108701050038,-0.31445692345784976,-0.6957510286275537,Pancreas,CPS-LowOrMid
AB_5,-0.5179653089834527,-0.47330880677040277,-0.04465650221304995,-0.09880465345773443,Pancreas,CPS-LowOrMid
AB_6,0.9982085822510377,0.4198434666455187,0.578365115605519,1.2796605642514074,Pancreas,CPS-High
AB_7,0.08895031487728122,0.8231412486312628,-0.7341909337539816,-1.6244326623542351,Pancreas,CPS-LowOrMid
AB_8,0.6324758663090972,0.4243683344995725,0.20810753180952474,0.46044789769440747,Colorectal,CPS-LowOrMid
AB_9,0.21761591009420156,1.2288571974941593,-1.0112412873999577,-2.237419860763472,Pancreas,CPS-LowOrMid
AB_10,-0.42491362298813906,-0.6916012845603176,0.2666876615721785,0.5900592450653775,Colorectal,CPS-High
AB_11,4.921622777869647,5.124207355897984,-0.20258457802833707,-0.4482280975002523,Colorectal,CPS-LowOrMid
AB_12,-0.6359322060938402,-0.9122686498443039,0.27633644375046373,0.6114076385169372,Colorectal,CPS-High
AB_13,-0.32061365368930184,-0.7195724457705251,0.3989587920812233,0.8827154667743355,Pancreas,CPS-High
AB_14,0.4545667522641525,0.8669696331175979,-0.4124028808534454,-0.9124611581376473,Colorectal,CPS-LowOrMid
AB_15,0.44097588457639797,0.7337638422310165,-0.29278795765461857,-0.6478074022601914,Colorectal,CPS-LowOrMid
AB_16,0.16791921032654838,-0.8398608894709811,1.0077800997975295,2.229761817149161,Pancreas,CPS-High
AB_17,0.8096638951662745,0.5516301498899617,0.25803374527631273,0.5709120401054829,Pancreas,CPS-High
AB_18,1.7880053678332348,0.5957200133826233,1.1922853544506116,2.637988544360265,Colorectal,CPS-High
AB_19,0.3799034535502404,-0.31454586494175935,0.6944493184919998,1.5365024320581584,Pancreas,CPS-High
AB_20,-0.6461186302701898,-0.37411660198160757,-0.2720020282885822,-0.6018175363721282,Pancreas,CPS-LowOrMid
AB_21,-0.487059102654391,-0.49122659713337863,0.004167494478987621,0.009220781462437433,Pancreas,CPS-LowOrMid
AB_22,0.7605294674759143,0.6672333988258282,0.0932960686500861,0.2064220275910222,Colorectal,CPS-LowOrMid
AB_23,0.8734592002149186,0.09488723411157152,0.7785719661033471,1.7226278255234206,Pancreas,CPS-High
AB_24,0.4082882105245949,0.00877493352650834,0.3995132769980866,0.8839422912532623,Pancreas,CPS-High
AB_25,-0.0858318979491718,0.14232906579071272,-0.22816096373988454,-0.5048170778658554,Colorectal,CPS-LowOrMid
AB_26,-0.5459731838587193,-0.5127238137187612,-0.0332493701399581,-0.0735658265103995,Pancreas,CPS-LowOrMid
AB_27,0.12818402765933268,-0.08929097808209972,0.21747500574143241,0.48117388315562487,Colorectal,CPS-LowOrMid
AB_28,-0.6520322500200213,-0.6620381204700784,0.010005870450057075,0.022138468383490224,Pancreas,CPS-LowOrMid
AB_29,0.09239050451264899,-0.21639246656195324,0.30878297107460223,0.6831971367824677,Colorectal,CPS-High
AB_30,0.16191860731086727,0.5675142312179413,-0.40559562390707404,-0.8973997755785039,Colorectal,CPS-LowOrMid
AB_31,-0.11619003212946095,-0.387702792563859,0.27151276043439804,0.6007350077730441,Pancreas,CPS-High
AB_32,-0.4357536716967482,-0.33677442684231923,-0.098979244854429,-0.218996327582777,Colorectal,CPS-LowOrMid
AB_33,-0.3219551700362901,-0.6907199505548909,0.3687647805186008,0.8159097676913489,Colorectal,CPS-High
AB_34,-0.37392534750583045,-0.011068402659693352,-0.3628569448461371,-0.8028383978487637,Pancreas,CPS-LowOrMid
AB_35,-0.6168732962044744,-0.38638738791934873,-0.23048590828512566,-0.5099611292070253,Colorectal,CPS-LowOrMid
AB_36,-0.14668933846080903,0.1183845941692546,-0.2650739326300636,-0.5864887923653501,Pancreas,CPS-LowOrMid
AB_37,-0.4161023251611267,-0.5950165099155653,0.1789141847544386,0.3958562168393351,Colorectal,CPS-LowOrMid
AB_38,-0.4275143071569661,-0.19522609021536005,-0.23228821694160603,-0.5139488235718424,Colorectal,CPS-LowOrMid
AB_39,-0.2744649406458722,-0.33091285350328076,0.05644791285740858,0.1248937151790356,Pancreas,CPS-LowOrMid
AB_40,-0.18176068546043797,0.4985311273678675,-0.6802918128283054,-1.505178271597637,Colorectal,CPS-LowOrMid
AB_41,-0.16227179399173505,-0.010892956519963371,-0.1513788374717717,-0.33493294002014856,Pancreas,CPS-LowOrMid
AB_42,-0.15510462270308512,-0.23353755872860693,0.07843293602552182,0.17353663362845462,Pancreas,CPS-LowOrMid
AB_43,0.008755972476335817,-0.28530320287002336,0.29405917534635917,0.6506200323874354,Colorectal,CPS-High
AB_44,-0.37998193880709613,-0.0467800765447783,-0.33320186226231785,-0.7372251049854792,Pancreas,CPS-LowOrMid
AB_45,0.20825514626321898,0.050719749470664155,0.15753539679255482,0.3485546228666879,Pancreas,CPS-LowOrMid
AB_46,-0.10161987287682578,-0.1889819855361011,0.08736211265927532,0.19329286529102077,Pancreas,CPS-LowOrMid
AB_47,-0.5794295333338196,-0.40625347885062607,-0.17317605448319356,-0.3831603283382422,Colorectal,CPS-LowOrMid
AB_48,-0.23334645662577558,-0.17141093084357883,-0.06193552578219674,-0.13703532203299654,Colorectal,CPS-LowOrMid
AB_49,-0.17426791172323094,-0.5793498520083625,0.40508194028513156,0.8962632259219543,Pancreas,CPS-High
AB_50,-0.30615596062864275,-0.17502630453832038,-0.13112965609032237,-0.2901306547974551,Pancreas,CPS-LowOrMid
AB_51,0.17544333875089707,1.060762516313077,-0.8853191775621798,-1.9588111518719695,Colorectal,CPS-LowOrMid
AB_52,0.6507008479978141,1.2424195363340993,-0.5917186883362852,-1.309205984530662,Colorectal,CPS-LowOrMid
AB_53,-0.015178946986924477,-0.28765756572609075,0.2724786187391663,0.6028720156075721,Pancreas,CPS-High
AB_54,-0.16045237559974673,0.11276590170047353,-0.27321827730022025,-0.6045085456576268,Colorectal,CPS-LowOrMid
AB_55,-0.2778070911834021,-0.2602752448541243,-0.01753184632927779,-0.03879005106074655,Pancreas,CPS-LowOrMid
AB_56,-0.2918642009237548,-0.8231244104939304,0.5312602095701755,1.1754386998792992,Colorectal,CPS-High
AB_57,-0.39710869700210794,-0.2841144077707849,-0.11299428923132304,-0.2500052856119421,Colorectal,CPS-LowOrMid
AB_58,-0.32127325693567305,-0.48118341270386517,0.15991015576819212,0.3538088910248627,Pancreas,CPS-LowOrMid
AB_59,-0.46865969134967855,-0.12467929544170857,-0.34398039590796997,-0.7610731277562813,Colorectal,CPS-LowOrMid
AB_60,-0.2474110059636273,0.2203528159284116,-0.4677638218920389,-1.0349498960221344,Colorectal,CPS-LowOrMid
AB_61,-0.6014458682996152,-0.7904550135944423,0.18900914529482704,0.41819180132161243,Colorectal,CPS-LowOrMid
AB_62,1.9143142211431448,2.4296609087667407,-0.5153466876235959,-1.1402292691513292,Colorectal,CPS-LowOrMid
AB_63,0.28705906278667676,-0.4460379762145137,0.7330970390011904,1.622012367736149,Pancreas,CPS-High
AB_64,-0.03591710020327313,-0.4484775957347081,0.4125604955314349,0.9128098881739654,Colorectal,CPS-High
AB_65,-0.3087944693623687,-0.3118062680410664,0.003011798678697719,0.0066637490619725,Colorectal,CPS-LowOrMid
AB_66,-0.06105438464301326,-0.320593222640814,0.25953883799780075,0.5742421299557561,Pancreas,CPS-High
AB_67,-0.5791521848952212,-0.27362681448190146,-0.3055253704133198,-0.6759895390421408,Colorectal,CPS-LowOrMid
AB_68,-0.7226852616875681,-0.5430286613444638,-0.17965660034310427,-0.39749884694524396,Colorectal,CPS-LowOrMid
AB_69,1.2243599207401457,0.46181436443905705,0.7625455563010886,1.6871686249991786,Pancreas,CPS-High
AB_70,-0.5535649703571277,0.5524391163533847,-1.1060040867105125,-2.4470871003044152,Colorectal,CPS-LowOrMid
AB_71,-0.5161658520701233,-0.5218389058528933,0.005673053782769943,0.01255190364842022,Colorectal,CPS-LowOrMid
AB_72,-0.37363040104298384,-0.5889561112918194,0.2153257102488355,0.47641846376986186,Colorectal,CPS-LowOrMid
AB_73,0.17967205497448827,-0.48047274382926025,0.6601447988037485,1.4606020365533534,Colorectal,CPS-High
AB_74,-0.7037549951772742,-0.6455004667777351,-0.05825452839953915,-0.12889093873496862,Colorectal,CPS-LowOrMid
AB_75,-0.6334550812341455,-0.3457318947703207,-0.28772318646382483,-0.636601353027727,Pancreas,CPS-LowOrMid
AB_76,0.1704779420437465,-0.21028801235265737,0.38076595439640387,0.8424629406296412,Colorectal,CPS-High
AB_77,-0.21706688809634997,0.8750622868717389,-1.0921291749680888,-2.416388192451614,Colorectal,CPS-LowOrMid
AB_78,-0.5477239106019478,-0.47859665900039444,-0.06912725160155336,-0.1529473604177879,Pancreas,CPS-LowOrMid
AB_79,-0.5531614859168855,-0.28886973997030674,-0.2642917459465788,-0.5847581668042109,Pancreas,CPS-LowOrMid
AB_80,-0.3185120683270899,0.24063723386967636,-0.5591493021967663,-1.2371446552421828,Colorectal,CPS-LowOrMid
AB_81,-0.4998211300715643,-0.24349263198702056,-0.2563284980845437,-0.5671390988876804,Colorectal,CPS-LowOrMid
AB_82,0.6416832188864321,-0.4607098832982772,1.1023931021847093,2.439097623810912,Pancreas,CPS-High
AB_83,-0.20689766085827824,0.1560528285384241,-0.3629504893967023,-0.8030453696545123,Colorectal,CPS-LowOrMid
AB_84,0.6205388375917984,0.5698347249061769,0.05070411268562147,0.11218528175099036,Pancreas,CPS-LowOrMid
